,기업공시코드,시장
0,A000020,Y
1,A000040,Y
2,A000050,Y
3,A000060,Y
4,A000070,Y
5,A000080,Y
6,A000100,Y
7,A000120,Y
8,A000140,Y
9,A000150,Y
10,A000180,Y
11,A000210,Y
12,A000220,Y
13,A000230,Y
14,A000240,Y
15,A000250,K
16,A000270,Y
17,A000300,Y
18,A000320,Y
19,A000370,Y
20,A000390,Y
21,A000400,Y
22,A000430,Y
23,A000440,K
24,A000480,Y
25,A000490,Y
26,A000500,Y
27,A000520,Y
28,A000540,Y
29,A000590,Y
30,A000640,Y
31,A000650,Y
32,A000660,Y
33,A000670,Y
34,A000680,Y
35,A000700,Y
36,A000720,Y
37,A000760,Y
38,A000810,Y
39,A000850,Y
40,A000860,Y
41,A000880,Y
42,A000890,Y
43,A000910,Y
44,A000950,Y
45,A000970,Y
46,A000990,Y
47,A001000,K
48,A001020,Y
49,A001040,Y
50,A001060,Y
51,A001070,Y
52,A001080,Y
53,A001120,Y
54,A001130,Y
55,A001140,Y
56,A001200,Y
57,A001210,Y
58,A001230,Y
59,A001250,Y
60,A001260,Y
61,A001270,Y
62,A001290,Y
63,A001340,Y
64,A001360,Y
65,A001380,Y
66,A001390,Y
67,A001420,Y
68,A001430,Y
69,A001440,Y
70,A001450,Y
71,A001460,Y
72,A001470,Y
73,A001500,Y
74,A001510,Y
75,A001520,Y
76,A001530,Y
77,A001540,K
78,A001550,Y
79,A001560,Y
80,A001570,Y
81,A001620,Y
82,A001630,Y
83,A001680,Y
84,A001720,Y
85,A001740,Y
86,A001750,Y
87,A001770,Y
88,A001780,Y
89,A001790,Y
90,A001800,Y
91,A001810,K
92,A001820,Y
93,A001840,K
94,A001880,Y
95,A001940,Y
96,A002020,Y
97,A002030,Y
98,A002070,Y
99,A002100,Y
100,A002140,Y
101,A002150,Y
102,A002170,Y
103,A002200,Y
104,A002210,Y
105,A002220,Y
106,A002230,K
107,A002240,Y
108,A002290,K
109,A002310,Y
110,A002320,Y
111,A002350,Y
112,A002360,Y
113,A002380,Y
114,A002390,Y
115,A002410,Y
116,A002420,Y
117,A002450,Y
118,A002460,Y
119,A002600,Y
120,A002620,Y
121,A002630,Y
122,A002680,K
123,A002690,Y
124,A002700,Y
125,A002710,Y
126,A002720,Y
127,A002760,Y
128,A002780,Y
129,A002790,Y
130,A002800,K
131,A002810,Y
132,A002820,Y
133,A002840,Y
134,A002870,Y
135,A002880,Y
136,A002900,Y
137,A002920,Y
138,A002960,Y
139,A002990,Y
140,A003000,Y
141,A003010,Y
142,A003030,Y
143,A003060,Y
144,A003070,Y
145,A003080,Y
146,A003090,Y
147,A003100,K
148,A003120,Y
149,A003160,Y
150,A003200,Y
151,A003220,Y
152,A003230,Y
153,A003240,Y
154,A003280,Y
155,A003300,Y
156,A003310,K
157,A003350,Y
158,A003380,K
159,A003410,Y
160,A003460,Y
161,A003470,Y
162,A003480,Y
163,A003490,Y
164,A003520,Y
165,A003530,Y
166,A003540,Y
167,A003550,Y
168,A003560,Y
169,A003570,Y
170,A003580,Y
171,A003610,Y
172,A003620,Y
173,A003650,Y
174,A003670,Y
175,A003680,Y
176,A003690,Y
177,A003720,Y
178,A003780,Y
179,A003800,K
180,A003830,Y
181,A003850,Y
182,A003920,Y
183,A003960,Y
184,A004000,Y
185,A004020,Y
186,A004060,Y
187,A004080,Y
188,A004090,Y
189,A004100,Y
190,A004140,Y
191,A004150,Y
192,A004170,Y
193,A004250,Y
194,A004270,Y
195,A004310,Y
196,A004360,Y
197,A004370,Y
198,A004380,Y
199,A004410,Y
200,A004430,Y
201,A004440,Y
202,A004450,Y
203,A004490,Y
204,A004540,Y
205,A004560,Y
206,A004590,K
207,A004650,K
208,A004690,Y
209,A004700,Y
210,A004710,Y
211,A004720,Y
212,A004770,Y
213,A004780,K
214,A004800,Y
215,A004830,Y
216,A004840,Y
217,A004870,Y
218,A004890,Y
219,A004910,Y
220,A004920,Y
221,A004960,Y
222,A004970,Y
223,A004980,Y
224,A004990,Y
225,A005010,Y
226,A005030,Y
227,A005070,Y
228,A005090,Y
229,A005110,Y
230,A005160,K
231,A005180,Y
232,A005250,Y
233,A005290,K
234,A005300,Y
235,A005320,Y
236,A005360,Y
237,A005380,Y
238,A005390,Y
239,A005420,Y
240,A005430,Y
241,A005440,Y
242,A005490,Y
243,A005500,Y
244,A005610,Y
245,A005670,K
246,A005680,Y
247,A005690,Y
248,A005710,K
249,A005720,Y
250,A005740,Y
251,A005750,Y
252,A005800,Y
253,A005810,Y
254,A005820,Y
255,A005830,Y
256,A005850,Y
257,A005860,K
258,A005870,Y
259,A005880,Y
260,A005930,Y
261,A005940,Y
262,A005950,Y
263,A005960,Y
264,A005990,K
265,A006040,Y
266,A006050,K
267,A006060,Y
268,A006090,Y
269,A006110,Y
270,A006120,Y
271,A006140,K
272,A006200,Y
273,A006220,Y
274,A006260,Y
275,A006280,Y
276,A006340,Y
277,A006360,Y
278,A006370,Y
279,A006380,Y
280,A006390,Y
281,A006400,Y
282,A006490,Y
283,A006570,Y
284,A006580,K
285,A006620,K
286,A006650,Y
287,A006660,Y
288,A006730,K
289,A006740,Y
290,A006800,Y
291,A006840,Y
292,A006880,Y
293,A006890,Y
294,A006910,K
295,A006920,K
296,A006980,Y
297,A007070,Y
298,A007110,Y
299,A007120,Y
300,A007160,Y
301,A007210,Y
302,A007280,Y
303,A007310,Y
304,A007330,K
305,A007340,Y
306,A007370,K
307,A007390,K
308,A007460,Y
309,A007530,K
310,A007540,Y
311,A007570,Y
312,A007590,Y
313,A007610,Y
314,A007660,Y
315,A007680,K
316,A007690,Y
317,A007700,Y
318,A007720,K
319,A007770,K
320,A007810,Y
321,A007820,K
322,A007860,Y
323,A007980,Y
324,A008040,Y
325,A008060,Y
326,A008110,Y
327,A008250,Y
328,A008260,Y
329,A008290,K
330,A008350,Y
331,A008370,K
332,A008420,Y
333,A008470,K
334,A008490,Y
335,A008500,Y
336,A008560,Y
337,A008600,Y
338,A008700,Y
339,A008730,Y
340,A008770,Y
341,A008830,K
342,A008870,Y
343,A008930,Y
344,A008970,Y
345,A009070,Y
346,A009140,Y
347,A009150,Y
348,A009160,Y
349,A009180,Y
350,A009190,Y
351,A009200,Y
352,A009240,Y
353,A009270,Y
354,A009290,Y
355,A009300,K
356,A009310,Y
357,A009320,Y
358,A009410,Y
359,A009420,Y
360,A009440,Y
361,A009450,Y
362,A009460,Y
363,A009470,Y
364,A009520,K
365,A009540,Y
366,A009580,Y
367,A009620,K
368,A009680,Y
369,A009730,K
370,A009770,Y
371,A009780,K
372,A009810,Y
373,A009830,Y
374,A009900,Y
375,A009970,Y
376,A010040,Y
377,A010050,Y
378,A010060,Y
379,A010100,Y
380,A010120,Y
381,A010130,Y
382,A010140,Y
383,A010170,K
384,A010240,K
385,A010280,K
386,A010400,Y
387,A010420,Y
388,A010470,K
389,A010580,Y
390,A010600,Y
391,A010620,Y
392,A010640,Y
393,A010660,Y
394,A010690,Y
395,A010770,Y
396,A010780,Y
397,A010820,Y
398,A010950,Y
399,A010960,Y
400,A011000,Y
401,A011040,K
402,A011070,Y
403,A011080,K
404,A011090,Y
405,A011150,Y
406,A011170,Y
407,A011200,Y
408,A011210,Y
409,A011230,Y
410,A011280,Y
411,A011300,Y
412,A011320,K
413,A011330,Y
414,A011370,K
415,A011390,Y
416,A011420,Y
417,A011500,Y
418,A011560,K
419,A011690,Y
420,A011700,Y
421,A011760,Y
422,A011780,Y
423,A011790,Y
424,A011810,Y
425,A011930,Y
426,A012030,Y
427,A012160,Y
428,A012170,Y
429,A012200,Y
430,A012280,Y
431,A012320,Y
432,A012330,Y
433,A012340,K
434,A012450,Y
435,A012510,Y
436,A012600,Y
437,A012610,Y
438,A012620,K
439,A012630,Y
440,A012690,Y
441,A012700,K
442,A012750,Y
443,A012790,K
444,A012800,Y
445,A012860,K
446,A013000,Y
447,A013030,K
448,A013120,K
449,A013310,K
450,A013360,Y
451,A013520,Y
452,A013570,Y
453,A013580,Y
454,A013700,Y
455,A013720,K
456,A013810,K
457,A013870,Y
458,A013890,Y
459,A013990,K
460,A014100,K
461,A014130,Y
462,A014160,Y
463,A014190,K
464,A014200,K
465,A014280,Y
466,A014440,Y
467,A014470,K
468,A014530,Y
469,A014570,K
470,A014580,Y
471,A014620,K
472,A014680,Y
473,A014710,Y
474,A014790,Y
475,A014820,Y
476,A014830,Y
477,A014910,Y
478,A014940,K
479,A014970,K
480,A014990,Y
481,A015020,Y
482,A015230,Y
483,A015260,Y
484,A015360,Y
485,A015540,Y
486,A015590,Y
487,A015710,K
488,A015750,K
489,A015760,Y
490,A015860,Y
491,A015890,Y
492,A016090,Y
493,A016100,K
494,A016250,K
495,A016360,Y
496,A016380,Y
497,A016450,Y
498,A016580,Y
499,A016590,Y
500,A016600,K
501,A016610,Y
502,A016670,K
503,A016710,Y
504,A016740,Y
505,A016790,K
506,A016800,Y
507,A016880,Y
508,A016920,K
509,A017000,K
510,A017040,Y
511,A017180,Y
512,A017250,K
513,A017370,Y
514,A017390,Y
515,A017480,K
516,A017510,K
517,A017550,Y
518,A017650,K
519,A017670,Y
520,A017800,Y
521,A017810,Y
522,A017890,K
523,A017900,Y
524,A017940,Y
525,A017960,Y
526,A018000,K
527,A018120,K
528,A018250,Y
529,A018260,Y
530,A018290,K
531,A018310,K
532,A018470,Y
533,A018500,Y
534,A018620,K
535,A018670,Y
536,A018680,K
537,A018700,K
538,A018880,Y
539,A019010,K
540,A019170,Y
541,A019180,Y
542,A019210,K
543,A019440,Y
544,A019490,Y
545,A019540,K
546,A019550,K
547,A019570,K
548,A019590,K
549,A019660,K
550,A019680,Y
551,A019770,K
552,A019990,K
553,A020000,Y
554,A020120,Y
555,A020150,Y
556,A020180,K
557,A020400,K
558,A020560,Y
559,A020710,K
560,A020760,Y
561,A021040,K
562,A021050,Y
563,A021080,K
564,A021240,Y
565,A021320,K
566,A021650,K
567,A021820,Y
568,A021880,K
569,A022100,K
570,A022220,K
571,A023000,Y
572,A023150,Y
573,A023160,K
574,A023350,Y
575,A023410,K
576,A023440,K
577,A023450,Y
578,A023460,K
579,A023530,Y
580,A023590,Y
581,A023600,K
582,A023760,K
583,A023770,K
584,A023790,K
585,A023800,Y
586,A023810,Y
587,A023900,K
588,A023910,K
589,A023960,Y
590,A024060,K
591,A024070,Y
592,A024090,Y
593,A024110,Y
594,A024120,K
595,A024720,Y
596,A024740,K
597,A024800,K
598,A024810,K
599,A024830,K
600,A024840,K
601,A024850,K
602,A024880,K
603,A024890,Y
604,A024900,Y
605,A024910,K
606,A024940,K
607,A024950,K
608,A025000,Y
609,A025320,K
610,A025440,K
611,A025530,Y
612,A025540,Y
613,A025550,K
614,A025560,Y
615,A025620,Y
616,A025750,Y
617,A025770,K
618,A025820,Y
619,A025860,Y
620,A025870,K
621,A025880,K
622,A025890,Y
623,A025900,K
624,A025950,K
625,A025980,K
626,A026040,K
627,A026150,K
628,A026890,Y
629,A026910,K
630,A026940,Y
631,A026960,Y
632,A027040,K
633,A027050,K
634,A027360,K
635,A027410,Y
636,A027580,K
637,A027710,K
638,A027740,Y
639,A027830,K
640,A027970,Y
641,A028050,Y
642,A028080,K
643,A028100,Y
644,A028260,Y
645,A028300,K
646,A028670,Y
647,A029460,Y
648,A029480,K
649,A029530,Y
650,A029780,Y
651,A029960,K
652,A030000,Y
653,A030190,K
654,A030200,Y
655,A030210,Y
656,A030350,K
657,A030520,K
658,A030530,K
659,A030610,Y
660,A030720,Y
661,A030790,Y
662,A030960,K
663,A031310,K
664,A031330,K
665,A031430,Y
666,A031440,Y
667,A031510,K
668,A031820,Y
669,A031860,K
670,A031980,K
671,A032080,K
672,A032190,K
673,A032280,K
674,A032300,K
675,A032350,Y
676,A032500,K
677,A032540,K
678,A032560,Y
679,A032580,K
680,A032620,K
681,A032640,Y
682,A032680,K
683,A032750,K
684,A032790,K
685,A032800,K
686,A032820,K
687,A032830,Y
688,A032850,K
689,A032860,K
690,A032940,K
691,A032960,K
692,A032980,K
693,A033050,K
694,A033100,K
695,A033130,K
696,A033160,K
697,A033170,K
698,A033180,Y
699,A033200,K
700,A033230,K
701,A033240,Y
702,A033250,Y
703,A033270,Y
704,A033290,K
705,A033310,K
706,A033320,K
707,A033340,K
708,A033500,K
709,A033530,Y
710,A033540,K
711,A033560,K
712,A033640,K
713,A033780,Y
714,A033790,K
715,A033830,K
716,A033920,Y
717,A034020,Y
718,A034120,Y
719,A034220,Y
720,A034230,K
721,A034300,Y
722,A034310,Y
723,A034590,Y
724,A034730,Y
725,A034810,K
726,A034830,Y
727,A034940,K
728,A034950,K
729,A035000,Y
730,A035080,K
731,A035150,Y
732,A035200,K
733,A035250,Y
734,A035290,K
735,A035420,Y
736,A035460,K
737,A035510,Y
738,A035600,K
739,A035610,K
740,A035620,K
741,A035720,Y
742,A035760,K
743,A035810,K
744,A035890,K
745,A035900,K
746,A036000,K
747,A036010,K
748,A036030,K
749,A036090,K
750,A036120,K
751,A036170,K
752,A036180,K
753,A036190,K
754,A036200,K
755,A036420,Y
756,A036460,Y
757,A036480,K
758,A036530,Y
759,A036540,K
760,A036560,K
761,A036570,Y
762,A036580,Y
763,A036620,K
764,A036630,K
765,A036640,K
766,A036670,K
767,A036690,K
768,A036710,K
769,A036800,K
770,A036810,K
771,A036830,K
772,A036890,K
773,A036930,K
774,A037030,K
775,A037070,K
776,A037230,K
777,A037270,Y
778,A037330,K
779,A037350,K
780,A037370,K
781,A037400,K
782,A037440,K
783,A037460,K
784,A037560,Y
785,A037710,Y
786,A037760,K
787,A037950,K
788,A038010,K
789,A038060,K
790,A038070,K
791,A038110,K
792,A038290,K
793,A038340,K
794,A038390,K
795,A038460,K
796,A038500,K
797,A038530,K
798,A038540,K
799,A038620,K
800,A038680,K
801,A038870,K
802,A038880,K
803,A038950,K
804,A039010,K
805,A039020,K
806,A039030,K
807,A039130,Y
808,A039200,K
809,A039240,K
810,A039290,K
811,A039310,K
812,A039340,K
813,A039420,K
814,A039440,K
815,A039490,Y
816,A039560,K
817,A039570,Y
818,A039610,K
819,A039740,K
820,A039830,K
821,A039840,K
822,A039860,K
823,A039980,K
824,A040160,K
825,A040300,K
826,A040350,K
827,A040420,K
828,A040610,K
829,A040910,K
830,A041020,K
831,A041190,K
832,A041440,K
833,A041460,K
834,A041510,K
835,A041520,K
836,A041590,K
837,A041650,Y
838,A041830,K
839,A041910,K
840,A041920,K
841,A041930,K
842,A041960,K
843,A042000,K
844,A042040,K
845,A042110,K
846,A042370,K
847,A042420,K
848,A042500,K
849,A042510,K
850,A042520,K
851,A042600,K
852,A042660,Y
853,A042670,Y
854,A042700,Y
855,A042940,K
856,A043090,K
857,A043100,K
858,A043150,K
859,A043200,K
860,A043220,K
861,A043260,K
862,A043340,K
863,A043360,K
864,A043370,K
865,A043590,K
866,A043610,K
867,A043650,K
868,A043710,K
869,A043910,K
870,A044060,K
871,A044180,K
872,A044340,K
873,A044380,Y
874,A044450,Y
875,A044480,K
876,A044490,K
877,A044780,K
878,A044820,Y
879,A044960,K
880,A045060,K
881,A045100,K
882,A045300,K
883,A045340,K
884,A045390,K
885,A045510,K
886,A045520,K
887,A045660,K
888,A045970,K
889,A046070,K
890,A046120,K
891,A046140,K
892,A046210,K
893,A046310,K
894,A046390,K
895,A046440,K
896,A046890,K
897,A046940,K
898,A046970,K
899,A047040,Y
900,A047050,Y
901,A047080,K
902,A047310,K
903,A047400,Y
904,A047560,K
905,A047770,K
906,A047810,Y
907,A047820,K
908,A047920,K
909,A048260,K
910,A048410,K
911,A048430,K
912,A048470,K
913,A048530,K
914,A048550,K
915,A048770,K
916,A048830,K
917,A048870,K
918,A048910,K
919,A049070,K
920,A049080,K
921,A049120,K
922,A049180,K
923,A049430,K
924,A049470,K
925,A049480,K
926,A049520,K
927,A049550,K
928,A049630,K
929,A049720,K
930,A049770,Y
931,A049800,Y
932,A049830,K
933,A049950,K
934,A049960,K
935,A050090,K
936,A050110,K
937,A050120,K
938,A050540,K
939,A050760,K
940,A050860,K
941,A050890,K
942,A050960,K
943,A051160,K
944,A051360,K
945,A051370,K
946,A051380,K
947,A051390,K
948,A051490,K
949,A051500,K
950,A051600,Y
951,A051630,Y
952,A051780,K
953,A051900,Y
954,A051910,Y
955,A051980,K
956,A052020,K
957,A052220,K
958,A052260,K
959,A052300,K
960,A052330,K
961,A052400,K
962,A052420,K
963,A052460,K
964,A052600,K
965,A052670,K
966,A052690,Y
967,A052710,K
968,A052770,K
969,A052790,K
970,A052860,K
971,A052900,K
972,A053030,K
973,A053050,K
974,A053060,K
975,A053080,K
976,A053160,K
977,A053210,Y
978,A053260,K
979,A053270,K
980,A053280,K
981,A053290,K
982,A053300,K
983,A053350,K
984,A053450,K
985,A053580,K
986,A053590,K
987,A053610,K
988,A053620,K
989,A053690,Y
990,A053700,K
991,A053800,K
992,A053950,K
993,A053980,K
994,A054040,K
995,A054050,K
996,A054090,K
997,A054180,K
998,A054210,K
999,A054220,K
1000,A054300,K
1001,A054410,K
1002,A054450,K
1003,A054540,K
1004,A054620,K
1005,A054630,K
1006,A054670,K
1007,A054780,K
1008,A054800,K
1009,A054920,K
1010,A054930,K
1011,A054940,K
1012,A054950,K
1013,A055490,Y
1014,A055550,Y
1015,A056000,K
1016,A056080,K
1017,A056090,K
1018,A056190,K
1019,A056360,K
1020,A056700,K
1021,A056730,K
1022,A057030,K
1023,A057050,Y
1024,A057540,K
1025,A057680,K
1026,A057880,K
1027,A058110,K
1028,A058220,K
1029,A058400,K
1030,A058420,K
1031,A058430,Y
1032,A058450,K
1033,A058470,K
1034,A058530,K
1035,A058610,K
1036,A058630,K
1037,A058650,Y
1038,A058730,Y
1039,A058820,K
1040,A058850,Y
1041,A058860,Y
1042,A058970,K
1043,A059090,K
1044,A059100,K
1045,A059120,K
1046,A059210,K
1047,A059270,K
1048,A060150,K
1049,A060230,K
1050,A060240,K
1051,A060250,K
1052,A060260,K
1053,A060280,K
1054,A060310,K
1055,A060370,K
1056,A060380,K
1057,A060480,K
1058,A060540,K
1059,A060560,K
1060,A060570,K
1061,A060590,K
1062,A060720,K
1063,A060850,K
1064,A060900,K
1065,A060980,Y
1066,A061040,K
1067,A061250,K
1068,A061970,K
1069,A062860,K
1070,A062970,K
1071,A063080,K
1072,A063160,Y
1073,A063170,K
1074,A063440,K
1075,A063570,K
1076,A063760,K
1077,A064090,K
1078,A064240,K
1079,A064260,K
1080,A064290,K
1081,A064350,Y
1082,A064480,K
1083,A064520,K
1084,A064550,K
1085,A064760,K
1086,A064800,K
1087,A064820,K
1088,A064850,K
1089,A064960,Y
1090,A065060,K
1091,A065130,K
1092,A065150,K
1093,A065170,K
1094,A065350,K
1095,A065370,K
1096,A065420,K
1097,A065440,K
1098,A065450,K
1099,A065500,K
1100,A065510,K
1101,A065530,K
1102,A065560,K
1103,A065570,K
1104,A065650,K
1105,A065660,K
1106,A065680,K
1107,A065690,K
1108,A065710,K
1109,A065770,K
1110,A065950,K
1111,A066130,K
1112,A066310,K
1113,A066360,K
1114,A066410,K
1115,A066430,K
1116,A066570,Y
1117,A066590,K
1118,A066620,K
1119,A066670,K
1120,A066700,K
1121,A066790,K
1122,A066900,K
1123,A066910,K
1124,A066970,K
1125,A066980,K
1126,A067000,K
1127,A067010,K
1128,A067080,K
1129,A067160,K
1130,A067170,K
1131,A067280,K
1132,A067290,K
1133,A067310,K
1134,A067370,K
1135,A067390,K
1136,A067570,K
1137,A067630,K
1138,A067730,K
1139,A067770,K
1140,A067830,Y
1141,A067900,K
1142,A067920,K
1143,A067990,K
1144,A068050,K
1145,A068240,K
1146,A068270,Y
1147,A068290,Y
1148,A068330,K
1149,A068400,Y
1150,A068760,K
1151,A068790,K
1152,A068930,K
1153,A068940,K
1154,A069080,K
1155,A069110,K
1156,A069140,K
1157,A069260,Y
1158,A069330,K
1159,A069410,K
1160,A069460,Y
1161,A069510,K
1162,A069540,K
1163,A069620,Y
1164,A069640,Y
1165,A069730,Y
1166,A069920,K
1167,A069960,Y
1168,A070300,K
1169,A070590,K
1170,A070960,Y
1171,A071050,Y
1172,A071090,Y
1173,A071200,K
1174,A071280,K
1175,A071320,Y
1176,A071460,K
1177,A071670,K
1178,A071840,Y
1179,A071850,K
1180,A071950,Y
1181,A071970,Y
1182,A072020,K
1183,A072130,Y
1184,A072470,K
1185,A072520,K
1186,A072710,Y
1187,A072770,K
1188,A072870,K
1189,A072950,K
1190,A072990,K
1191,A073010,K
1192,A073110,K
1193,A073190,K
1194,A073240,Y
1195,A073490,K
1196,A073540,K
1197,A073560,K
1198,A073570,K
1199,A073640,K
1200,A074430,K
1201,A074600,K
1202,A074610,Y
1203,A075130,K
1204,A075180,Y
1205,A075580,Y
1206,A075970,K
1207,A076080,K
1208,A076610,K
1209,A077360,K
1210,A077500,Y
1211,A077970,Y
1212,A078000,Y
1213,A078020,K
1214,A078070,K
1215,A078130,K
1216,A078140,K
1217,A078150,K
1218,A078160,K
1219,A078340,K
1220,A078350,K
1221,A078520,Y
1222,A078590,K
1223,A078600,K
1224,A078650,K
1225,A078860,K
1226,A078890,K
1227,A078930,Y
1228,A078940,K
1229,A079000,K
1230,A079160,Y
1231,A079170,K
1232,A079190,K
1233,A079370,K
1234,A079430,Y
1235,A079550,Y
1236,A079650,K
1237,A079810,K
1238,A079940,K
1239,A079950,K
1240,A079960,K
1241,A079970,K
1242,A079980,Y
1243,A080000,K
1244,A080010,K
1245,A080160,K
1246,A080220,K
1247,A080420,K
1248,A080470,K
1249,A080520,K
1250,A080530,K
1251,A080580,K
1252,A080720,K
1253,A081000,Y
1254,A081150,K
1255,A081580,K
1256,A081660,Y
1257,A082210,K
1258,A082270,K
1259,A082640,Y
1260,A082660,K
1261,A082740,Y
1262,A082800,K
1263,A082850,K
1264,A082920,K
1265,A083310,K
1266,A083420,Y
1267,A083450,K
1268,A083470,K
1269,A083500,K
1270,A083550,K
1271,A083640,K
1272,A083650,K
1273,A083660,K
1274,A083790,K
1275,A083930,K
1276,A084010,Y
1277,A084110,K
1278,A084180,K
1279,A084370,K
1280,A084440,K
1281,A084650,K
1282,A084670,Y
1283,A084680,Y
1284,A084690,Y
1285,A084730,K
1286,A084850,K
1287,A084870,Y
1288,A084990,K
1289,A085310,Y
1290,A085370,K
1291,A085620,Y
1292,A085660,K
1293,A085670,K
1294,A085810,K
1295,A085910,K
1296,A086040,K
1297,A086060,K
1298,A086280,Y
1299,A086390,K
1300,A086450,K
1301,A086520,K
1302,A086670,K
1303,A086710,K
1304,A086790,Y
1305,A086820,K
1306,A086890,K
1307,A086900,K
1308,A086960,K
1309,A086980,K
1310,A087010,K
1311,A087260,K
1312,A087600,K
1313,A088130,K
1314,A088260,Y
1315,A088290,K
1316,A088350,Y
1317,A088390,K
1318,A088790,Y
1319,A088800,K
1320,A088910,K
1321,A088980,Y
1322,A089010,K
1323,A089030,K
1324,A089140,K
1325,A089150,K
1326,A089230,K
1327,A089470,Y
1328,A089530,K
1329,A089590,Y
1330,A089600,K
1331,A089790,K
1332,A089850,K
1333,A089860,Y
1334,A089890,K
1335,A089970,K
1336,A089980,K
1337,A090080,Y
1338,A090150,K
1339,A090350,Y
1340,A090360,K
1341,A090370,Y
1342,A090410,K
1343,A090430,Y
1344,A090460,K
1345,A090470,K
1346,A090710,K
1347,A090850,K
1348,A091090,Y
1349,A091120,K
1350,A091340,K
1351,A091440,K
1352,A091580,K
1353,A091590,K
1354,A091700,K
1355,A091810,Y
1356,A091970,K
1357,A091990,K
1358,A092040,K
1359,A092070,K
1360,A092130,K
1361,A092190,K
1362,A092200,Y
1363,A092220,Y
1364,A092230,Y
1365,A092300,K
1366,A092440,Y
1367,A092460,K
1368,A092600,K
1369,A092730,K
1370,A092780,Y
1371,A092870,K
1372,A093050,Y
1373,A093190,K
1374,A093230,Y
1375,A093240,Y
1376,A093320,K
1377,A093370,Y
1378,A093380,K
1379,A093520,K
1380,A093640,K
1381,A093920,K
1382,A094170,K
1383,A094280,Y
1384,A094360,K
1385,A094480,K
1386,A094800,Y
1387,A094820,K
1388,A094840,K
1389,A094850,K
1390,A094860,K
1391,A094940,K
1392,A094970,K
1393,A095190,K
1394,A095270,K
1395,A095340,K
1396,A095500,K
1397,A095570,Y
1398,A095610,K
1399,A095660,K
1400,A095700,K
1401,A095720,Y
1402,A095910,K
1403,A096040,K
1404,A096240,K
1405,A096300,Y
1406,A096350,K
1407,A096530,K
1408,A096610,K
1409,A096630,K
1410,A096640,K
1411,A096690,K
1412,A096760,Y
1413,A096770,Y
1414,A096870,K
1415,A097230,Y
1416,A097520,Y
1417,A097780,K
1418,A097800,K
1419,A097870,K
1420,A097950,Y
1421,A098120,K
1422,A098460,K
1423,A098660,K
1424,A099190,K
1425,A099220,K
1426,A099320,K
1427,A099390,K
1428,A099410,K
1429,A099430,K
1430,A099440,K
1431,A099520,K
1432,A099750,K
1433,A100030,K
1434,A100090,K
1435,A100120,K
1436,A100130,K
1437,A100220,Y
1438,A100250,Y
1439,A100590,K
1440,A100660,K
1441,A100700,K
1442,A100790,K
1443,A100840,Y
1444,A101000,K
1445,A101140,Y
1446,A101160,K
1447,A101170,K
1448,A101240,K
1449,A101330,K
1450,A101360,K
1451,A101390,K
1452,A101400,K
1453,A101490,K
1454,A101530,Y
1455,A101670,K
1456,A101680,K
1457,A101730,K
1458,A101930,K
1459,A102120,K
1460,A102260,Y
1461,A102280,Y
1462,A102370,K
1463,A102460,Y
1464,A102710,K
1465,A102940,K
1466,A103140,Y
1467,A103230,K
1468,A103590,Y
1469,A103840,K
1470,A104040,K
1471,A104200,K
1472,A104460,K
1473,A104480,K
1474,A104540,K
1475,A104620,K
1476,A104700,Y
1477,A104830,K
1478,A105330,K
1479,A105550,K
1480,A105560,Y
1481,A105630,Y
1482,A105740,K
1483,A105840,Y
1484,A106080,K
1485,A106190,K
1486,A106240,K
1487,A106520,K
1488,A107590,Y
1489,A107600,K
1490,A108230,K
1491,A108320,Y
1492,A108380,K
1493,A108490,K
1494,A108670,Y
1495,A108860,K
1496,A109070,Y
1497,A109080,K
1498,A109610,K
1499,A109740,K
1500,A109820,K
1501,A109860,K
1502,A109960,K
1503,A110020,K
1504,A110790,K
1505,A110990,K
1506,A111110,Y
1507,A111710,K
1508,A111770,Y
1509,A111870,K
1510,A112040,K
1511,A112290,K
1512,A112610,Y
1513,A113810,K
1514,A114090,Y
1515,A114120,K
1516,A114190,K
1517,A114450,K
1518,A114630,K
1519,A114810,K
1520,A114840,K
1521,A115160,K
1522,A115180,K
1523,A115310,K
1524,A115390,Y
1525,A115440,K
1526,A115450,K
1527,A115480,K
1528,A115500,K
1529,A115530,K
1530,A115570,K
1531,A115610,K
1532,A115960,K
1533,A117580,Y
1534,A117670,K
1535,A117730,K
1536,A118000,Y
1537,A118990,K
1538,A119500,K
1539,A119610,K
1540,A119650,Y
1541,A119830,K
1542,A119850,K
1543,A119860,K
1544,A120030,Y
1545,A120110,Y
1546,A120240,K
1547,A121440,K
1548,A121600,K
1549,A121800,K
1550,A121850,K
1551,A121890,K
1552,A122310,K
1553,A122350,K
1554,A122450,K
1555,A122640,K
1556,A122690,K
1557,A122870,K
1558,A122900,Y
1559,A122990,K
1560,A123010,K
1561,A123040,K
1562,A123330,K
1563,A123410,K
1564,A123420,K
1565,A123570,K
1566,A123690,Y
1567,A123700,Y
1568,A123750,K
1569,A123840,K
1570,A123860,K
1571,A123890,Y
1572,A124500,K
1573,A124560,K
1574,A125210,K
1575,A126340,K
1576,A126560,Y
1577,A126600,K
1578,A126640,K
1579,A126700,K
1580,A126720,Y
1581,A126880,K
1582,A127120,K
1583,A127710,K
1584,A128540,K
1585,A128660,K
1586,A128820,Y
1587,A128940,Y
1588,A129260,Y
1589,A129890,K
1590,A129920,K
1591,A130500,K
1592,A130580,K
1593,A130660,Y
1594,A130740,K
1595,A131030,K
1596,A131090,K
1597,A131100,K
1598,A131180,K
1599,A131220,K
1600,A131290,K
1601,A131370,K
1602,A131400,K
1603,A131760,K
1604,A131970,K
1605,A133750,K
1606,A133820,Y
1607,A134060,K
1608,A134380,Y
1609,A134580,K
1610,A134790,Y
1611,A136410,K
1612,A136480,K
1613,A136490,Y
1614,A136510,K
1615,A136540,K
1616,A137080,K
1617,A137310,Y
1618,A137400,K
1619,A137940,K
1620,A137950,K
1621,A138040,Y
1622,A138070,K
1623,A138080,K
1624,A138360,K
1625,A138490,Y
1626,A138580,K
1627,A138610,K
1628,A138690,K
1629,A138930,Y
1630,A139050,K
1631,A139130,Y
1632,A139480,Y
1633,A139670,K
1634,A139990,Y
1635,A140070,K
1636,A140410,K
1637,A140520,K
1638,A140670,K
1639,A140860,K
1640,A140910,Y
1641,A141000,K
1642,A141020,K
1643,A141080,K
1644,A142210,K
1645,A142280,K
1646,A142760,K
1647,A143160,K
1648,A143210,Y
1649,A143240,K
1650,A143540,K
1651,A144510,K
1652,A144960,K
1653,A145020,K
1654,A145210,Y
1655,A145270,Y
1656,A145720,Y
1657,A145990,Y
1658,A146320,K
1659,A147760,K
1660,A147830,K
1661,A148140,K
1662,A148150,K
1663,A148250,K
1664,A148780,K
1665,A148930,K
1666,A149950,K
1667,A149980,K
1668,A150840,K
1669,A150900,K
1670,A151860,K
1671,A151910,K
1672,A152550,Y
1673,A153460,K
1674,A153490,K
1675,A153710,K
1676,A154030,K
1677,A154040,K
1678,A155650,K
1679,A155660,Y
1680,A155900,Y
1681,A156100,K
1682,A158430,K
1683,A159010,K
1684,A159580,K
1685,A159910,K
1686,A160550,K
1687,A160600,K
1688,A160980,K
1689,A161000,Y
1690,A161390,Y
1691,A161570,K
1692,A161580,K
1693,A161890,Y
1694,A162300,K
1695,A163560,Y
1696,A163730,K
1697,A164060,K
1698,A166090,K
1699,A166480,K
1700,A168330,K
1701,A168360,K
1702,A168490,Y
1703,A169330,K
1704,A170030,K
1705,A170790,K
1706,A170900,Y
1707,A170920,K
1708,A171010,K
1709,A171090,K
1710,A171120,K
1711,A173130,K
1712,A173940,K
1713,A174880,K
1714,A174900,K
1715,A175140,K
1716,A175250,K
1717,A175330,Y
1718,A177350,K
1719,A177830,K
1720,A178320,K
1721,A178780,K
1722,A178920,Y
1723,A179290,K
1724,A179530,K
1725,A179900,K
1726,A180400,K
1727,A180640,Y
1728,A181340,K
1729,A181710,Y
1730,A182360,K
1731,A182400,K
1732,A183190,Y
1733,A183300,K
1734,A183490,K
1735,A184230,K
1736,A185490,K
1737,A185750,Y
1738,A186230,K
1739,A187220,K
1740,A187270,K
1741,A187420,K
1742,A187660,K
1743,A187790,K
1744,A187870,K
1745,A189300,K
1746,A189330,K
1747,A189690,K
1748,A189860,K
1749,A189980,K
1750,A190510,K
1751,A190650,K
1752,A191410,K
1753,A191420,K
1754,A192080,Y
1755,A192250,K
1756,A192390,K
1757,A192400,Y
1758,A192410,K
1759,A192440,K
1760,A192650,Y
1761,A192820,Y
1762,A193250,K
1763,A194370,Y
1764,A194480,K
1765,A194700,K
1766,A195500,K
1767,A195870,Y
1768,A195940,K
1769,A195990,K
1770,A196170,K
1771,A196300,K
1772,A196450,K
1773,A196490,K
1774,A196700,K
1775,A197140,K
1776,A198080,K
1777,A198440,K
1778,A198940,K
1779,A199800,K
1780,A199820,K
1781,A200130,K
1782,A200230,K
1783,A200350,K
1784,A200470,K
1785,A200670,K
1786,A200710,K
1787,A200780,K
1788,A200880,Y
1789,A201490,K
1790,A203400,K
1791,A203450,K
1792,A203650,K
1793,A203690,K
1794,A204020,K
1795,A204210,Y
1796,A204270,K
1797,A204320,Y
1798,A204610,K
1799,A204620,K
1800,A204630,K
1801,A204840,K
1802,A205100,K
1803,A205470,K
1804,A205500,K
1805,A206400,K
1806,A206560,K
1807,A206640,K
1808,A206650,K
1809,A207760,K
1810,A207940,Y
1811,A208140,K
1812,A208340,K
1813,A208350,K
1814,A208370,K
1815,A208640,K
1816,A208710,K
1817,A208860,K
1818,A210540,Y
1819,A210980,Y
1820,A211050,K
1821,A211270,K
1822,A212560,K
1823,A213420,K
1824,A213500,Y
1825,A214150,K
1826,A214180,K
1827,A214260,K
1828,A214270,K
1829,A214310,K
1830,A214320,Y
1831,A214330,Y
1832,A214370,K
1833,A214390,Y
1834,A214420,Y
1835,A214430,K
1836,A214450,K
1837,A214610,K
1838,A214680,K
1839,A214870,K
1840,A215000,K
1841,A215090,K
1842,A215100,K
1843,A215200,K
1844,A215360,K
1845,A215380,K
1846,A215480,K
1847,A215600,K
1848,A215790,K
1849,A216050,K
1850,A216080,K
1851,A217190,K
1852,A217270,K
1853,A217330,K
1854,A217480,K
1855,A217500,K
1856,A217620,K
1857,A217730,K
1858,A217820,K
1859,A218150,K
1860,A218410,K
1861,A219130,K
1862,A219420,K
1863,A219550,K
1864,A219750,K
1865,A220100,K
1866,A220180,K
1867,A220260,K
1868,A221840,K
1869,A221980,K
1870,A222040,K
1871,A222080,K
1872,A222110,K
1873,A222160,K
1874,A222420,K
1875,A222800,K
1876,A222810,K
1877,A222980,K
1878,A223250,K
1879,A223310,K
1880,A224060,K
1881,A224110,K
1882,A225190,K
1883,A225220,K
1884,A225430,K
1885,A225530,K
1886,A225570,K
1887,A225590,K
1888,A226320,Y
1889,A226330,K
1890,A226340,K
1891,A226360,K
1892,A226400,K
1893,A226440,K
1894,A226950,K
1895,A227100,K
1896,A227610,K
1897,A227840,Y
1898,A227950,K
1899,A228340,K
1900,A228670,K
1901,A228760,K
1902,A228850,K
1903,A229000,K
1904,A229640,Y
1905,A230240,K
1906,A230360,K
1907,A230980,K
1908,A232140,K
1909,A232680,K
1910,A234080,Y
1911,A234100,K
1912,A234300,K
1913,A234340,K
1914,A234690,K
1915,A234920,K
1916,A235980,K
1917,A236200,K
1918,A236810,K
1919,A237690,K
1920,A237750,K
1921,A237820,K
1922,A237880,K
1923,A238090,K
1924,A238120,K
1925,A238200,K
1926,A238490,K
1927,A239340,K
1928,A239610,K
1929,A239890,K
1930,A240810,K
1931,A241520,K
1932,A241560,Y
1933,A241590,Y
1934,A241690,K
1935,A241710,K
1936,A241770,K
1937,A241790,K
1938,A241820,K
1939,A241840,K
1940,A242040,K
1941,A243070,K
1942,A243840,K
1943,A244460,K
1944,A244920,Y
1945,A245620,K
1946,A246690,K
1947,A246710,K
1948,A246720,K
1949,A246960,K
1950,A247540,K
1951,A247660,K
1952,A248070,Y
1953,A248170,Y
1954,A249420,Y
1955,A250000,K
1956,A250060,K
1957,A250930,K
1958,A251120,K
1959,A251270,Y
1960,A251370,K
1961,A251630,K
1962,A251970,K
1963,A252500,K
1964,A252990,K
1965,A253450,K
1966,A253590,K
1967,A253840,K
1968,A254120,K
1969,A255220,K
1970,A255440,K
1971,A256150,K
1972,A256630,K
1973,A256840,K
1974,A256940,K
1975,A257370,K
1976,A257720,K
1977,A258610,K
1978,A258790,K
1979,A258830,K
1980,A259630,K
1981,A259960,Y
1982,A260660,K
1983,A260930,K
1984,A260970,K
1985,A261200,K
1986,A261780,K
1987,A262260,K
1988,A262840,K
1989,A263020,K
1990,A263050,K
1991,A263540,K
1992,A263600,K
1993,A263690,K
1994,A263700,K
1995,A263720,K
1996,A263750,K
1997,A263770,K
1998,A263800,K
1999,A263810,K
2000,A263860,K
2001,A263920,K
2002,A264450,K
2003,A264660,K
2004,A264850,K
2005,A264900,Y
2006,A265520,K
2007,A265560,K
2008,A265740,K
2009,A267250,Y
2010,A267260,Y
2011,A267270,Y
2012,A267290,Y
2013,A267320,K
2014,A267790,K
2015,A267850,Y
2016,A267980,K
2017,A268280,Y
2018,A268600,K
2019,A269620,K
2020,A270520,K
2021,A270660,K
2022,A270870,K
2023,A271560,Y
2024,A271940,Y
2025,A271980,Y
2026,A272110,K
2027,A272210,Y
2028,A272290,K
2029,A272450,Y
2030,A272550,Y
2031,A273060,K
2032,A273640,K
2033,A274090,K
2034,A275630,K
2035,A276040,K
2036,A276730,K
2037,A277070,K
2038,A277410,K
2039,A277810,K
2040,A277880,K
2041,A278280,K
2042,A278650,K
2043,A279600,K
2044,A280360,Y
2045,A281740,K
2046,A281820,Y
2047,A282330,Y
2048,A282690,Y
2049,A282880,K
2050,A284620,K
2051,A284740,Y
2052,A285130,Y
2053,A285490,K
2054,A286750,K
2055,A286940,Y
2056,A287410,K
2057,A288330,K
2058,A288620,K
2059,A288980,K
2060,A289010,K
2061,A289080,K
2062,A289220,K
2063,A290090,K
2064,A290120,K
2065,A290270,K
2066,A290380,K
2067,A290520,K
2068,A290550,K
2069,A290650,K
2070,A290660,K
2071,A290670,K
2072,A290690,K
2073,A290720,K
2074,A290740,K
2075,A291230,K
2076,A291650,K
2077,A291810,K
2078,A293480,Y
2079,A293490,K
2080,A293580,K
2081,A293780,K
2082,A293940,Y
2083,A294090,K
2084,A294140,K
2085,A294570,K
2086,A294630,K
2087,A294870,Y
2088,A296640,K
2089,A297090,K
2090,A297570,K
2091,A297890,K
2092,A298000,Y
2093,A298020,Y
2094,A298040,Y
2095,A298050,Y
2096,A298060,K
2097,A298380,K
2098,A298540,K
2099,A298690,Y
2100,A298870,K
2101,A299030,K
2102,A299170,K
2103,A299660,K
2104,A299900,K
2105,A299910,K
2106,A300080,K
2107,A300120,K
2108,A300720,Y
2109,A301300,K
2110,A302430,K
2111,A302440,Y
2112,A302550,K
2113,A303030,K
2114,A303530,K
2115,A304100,K
2116,A304840,K
2117,A305090,K
2118,A306040,K
2119,A306200,Y
2120,A306620,K
2121,A307180,K
2122,A307280,K
2123,A307750,K
2124,A307870,K
2125,A307930,K
2126,A307950,Y
2127,A308080,K
2128,A308100,K
2129,A308170,Y
2130,A309930,K
2131,A310200,K
2132,A310210,K
2133,A310870,K
2134,A311320,K
2135,A311390,K
2136,A311690,K
2137,A312610,K
2138,A313760,K
2139,A314130,K
2140,A314140,K
2141,A314930,K
2142,A315640,K
2143,A316140,Y
2144,A317120,K
2145,A317240,K
2146,A317330,K
2147,A317400,Y
2148,A317530,K
2149,A317690,K
2150,A317770,K
2151,A317830,K
2152,A317850,K
2153,A317870,K
2154,A318000,K
2155,A318010,K
2156,A318020,K
2157,A318410,K
2158,A319400,K
2159,A319660,K
2160,A320000,K
2161,A321260,K
2162,A321550,K
2163,A321820,K
2164,A322000,Y
2165,A322180,K
2166,A322310,K
2167,A322510,K
2168,A322780,K
2169,A323230,K
2170,A323280,K
2171,A323410,Y
2172,A323990,K
2173,A326030,Y
2174,A327260,K
2175,A328130,K
2176,A328380,K
2177,A329180,Y
2178,A330350,K
2179,A330590,Y
2180,A330730,K
2181,A330860,K
2182,A331380,K
2183,A331520,K
2184,A331920,K
2185,A332290,K
2186,A332370,K
2187,A332570,K
2188,A333050,K
2189,A333430,K
2190,A333620,K
2191,A334890,Y
2192,A334970,K
2193,A335810,K
2194,A335870,K
2195,A335890,K
2196,A336060,K
2197,A336260,Y
2198,A336370,Y
2199,A336570,K
2200,A337930,K
2201,A338100,Y
2202,A338220,K
2203,A339770,Y
2204,A339950,K
2205,A340360,K
2206,A340440,K
2207,A340570,K
2208,A340930,K
2209,A343510,K
2210,A344050,K
2211,A344820,Y
2212,A347000,K
2213,A347700,K
2214,A347740,K
2215,A347770,K
2216,A347860,K
2217,A347890,K
2218,A348030,K
2219,A348150,K
2220,A348210,K
2221,A348340,K
2222,A348350,K
2223,A348370,K
2224,A348950,Y
2225,A350520,Y
2226,A351320,K
2227,A351330,K
2228,A351340,K
2229,A352480,K
2230,A352700,K
2231,A352770,K
2232,A352820,Y
2233,A352910,K
2234,A352940,K
2235,A353060,K
2236,A353070,K
2237,A353190,K
2238,A353200,Y
2239,A353490,K
2240,A353590,K
2241,A353810,K
2242,A354200,K
2243,A355150,K
2244,A356860,K
2245,A356890,K
2246,A357120,Y
2247,A357230,K
2248,A357250,Y
2249,A357430,Y
2250,A357550,K
2251,A357580,K
2252,A357780,K
2253,A357880,K
2254,A359090,K
2255,A360070,K
2256,A361390,K
2257,A361570,K
2258,A361610,Y
2259,A361670,K
2260,A362320,K
2261,A363250,K
2262,A363260,K
2263,A363280,Y
2264,A365270,K
2265,A365340,K
2266,A365550,Y
2267,A365590,K
2268,A365900,K
2269,A366030,K
2270,A366330,K
2271,A367000,K
2272,A367340,K
2273,A367360,K
2274,A367480,K
2275,A368600,K
2276,A368770,K
2277,A368970,K
2278,A369370,K
2279,A370090,K
2280,A371950,K
2281,A372170,K
2282,A372290,K
2283,A372800,K
2284,A372910,Y
2285,A373200,K
2286,A373220,Y
2287,A373340,K
2288,A375500,Y
2289,A376180,K
2290,A376190,K
2291,A376290,K
2292,A376300,K
2293,A376930,K
2294,A376980,K
2295,A377030,K
2296,A377190,Y
2297,A377220,K
2298,A377300,Y
2299,A377330,K
2300,A377400,K
2301,A377450,K
2302,A377460,K
2303,A377480,K
2304,A377630,K
2305,A377740,Y
2306,A378800,K
2307,A378850,Y
2308,A380320,K
2309,A380440,Y
2310,A380540,K
2311,A381970,Y
2312,A382480,K
2313,A382800,K
2314,A382840,K
2315,A382900,K
2316,A383220,Y
2317,A383310,K
2318,A383800,Y
2319,A383930,K
2320,A386580,K
2321,A387310,K
2322,A388050,K
2323,A388220,K
2324,A388720,K
2325,A388790,K
2326,A388800,K
2327,A389030,K
2328,A389140,K
2329,A389260,K
2330,A389470,K
2331,A389500,K
2332,A391060,K
2333,A391710,K
2334,A393360,K
2335,A393890,K
2336,A394280,K
2337,A395400,Y
2338,A396270,K
2339,A396300,K
2340,A396690,Y
2341,A396770,K
2342,A397030,K
2343,A397500,K
2344,A397880,K
2345,A399720,K
2346,A400560,K
2347,A400760,Y
2348,A400840,K
2349,A402030,K
2350,A402340,Y
2351,A403550,Y
2352,A403870,K
2353,A404950,K
2354,A404990,Y
2355,A405000,K
2356,A405100,K
2357,A405350,K
2358,A405640,K
2359,A406760,K
2360,A408920,K
2361,A409570,K
2362,A412350,K
2363,A412930,K
2364,A413600,K
2365,A413630,K
2366,A415580,K
2367,A417180,K
2368,A417310,Y
2369,A417500,K
2370,A417840,K
2371,A417970,K
2372,A418170,K
2373,A418210,K
2374,A419080,K
2375,A419120,K
2376,A419270,K
2377,A419530,K
2378,A419540,K
2379,A421800,K
2380,A422040,K
2381,A424140,K
2382,A424760,K
2383,A425040,K
2384,A425290,K
2385,A425420,K
2386,A426550,K
2387,A426670,K
2388,A427950,K
2389,A430220,K
2390,A430230,K
2391,A430460,K
2392,A430700,K
2393,A432320,Y
2394,A433530,K
2395,A435380,K
2396,A435620,K
2397,A435870,K
2398,A436530,K
2399,A436610,K
2400,A437780,K
2401,A438220,K
2402,A438580,K
2403,A439250,K
2404,A439410,K
2405,A439730,K
2406,A440200,K
2407,A440790,K
2408,A440820,K
2409,A441270,K
2410,A442130,K
2411,A442310,K
2412,A442770,K
2413,A445360,K
2414,A445970,K
2415,A446070,Y
2416,A900070,K
2417,A900100,K
2418,A900110,K
2419,A900120,K
2420,A900140,Y
2421,A900250,K
2422,A900260,K
2423,A900270,K
2424,A900280,K
2425,A900290,K
2426,A900300,K
2427,A900310,K
2428,A900340,K
2429,A950110,K
2430,A950130,K
2431,A950140,K
2432,A950160,K
2433,A950170,K
2434,A950190,K
2435,A950200,K
2436,A950210,Y
2437,A950220,K
