,코스피,코스닥
2011-12-29,1825.74,500.18
2012-01-02,1826.37,506.79
2012-01-03,1875.41,513.83
2012-01-04,1866.22,516.3
2012-01-05,1863.74,521.96
2012-01-06,1843.14,518.94
2012-01-09,1826.49,520.28
2012-01-10,1853.22,525.74
2012-01-11,1845.55,518.58
2012-01-12,1864.57,520.34
2012-01-13,1875.68,523.13
2012-01-16,1859.27,519.85
2012-01-17,1892.74,519.58
2012-01-18,1892.39,513.2
2012-01-19,1914.97,515.7
2012-01-20,1949.89,512.17
2012-01-25,1952.23,511.47
2012-01-26,1957.18,516.45
2012-01-27,1964.83,515.81
2012-01-30,1940.55,510.33
2012-01-31,1955.79,513.99
2012-02-01,1959.24,519.25
2012-02-02,1984.3,522.08
2012-02-03,1972.34,522.59
2012-02-06,1973.13,517.1
2012-02-07,1981.59,519.07
2012-02-08,2003.73,520.95
2012-02-09,2014.62,524.27
2012-02-10,1993.71,528.67
2012-02-13,2005.74,533.19
2012-02-14,2002.64,535.36
2012-02-15,2025.32,537.86
2012-02-16,1997.45,535.3
2012-02-17,2023.47,540.14
2012-02-20,2024.9,540.33
2012-02-21,2024.24,543.06
2012-02-22,2028.65,544.2
2012-02-23,2007.8,541.13
2012-02-24,2019.89,544.14
2012-02-27,1991.16,538.34
2012-02-28,2003.69,540.35
2012-02-29,2030.25,542.3
2012-03-02,2034.63,543.97
2012-03-05,2016.06,539.74
2012-03-06,2000.36,533.62
2012-03-07,1982.15,532.48
2012-03-08,2000.76,535.76
2012-03-09,2018.3,539.55
2012-03-12,2002.5,536.11
2012-03-13,2025.04,538.46
2012-03-14,2045.08,538.86
2012-03-15,2043.76,538.31
2012-03-16,2034.44,539.78
2012-03-19,2047.0,539.83
2012-03-20,2042.15,535.55
2012-03-21,2027.23,533.93
2012-03-22,2026.12,527.9
2012-03-23,2026.83,527.47
2012-03-26,2019.19,523.39
2012-03-27,2039.76,521.74
2012-03-28,2031.74,519.56
2012-03-29,2014.41,514.21
2012-03-30,2014.04,519.56
2012-04-02,2029.29,521.8
2012-04-03,2049.28,515.83
2012-04-04,2018.61,502.97
2012-04-05,2028.77,503.34
2012-04-06,2029.03,503.41
2012-04-09,1997.08,486.8
2012-04-10,1994.41,484.77
2012-04-12,1986.63,485.71
2012-04-13,2008.91,499.46
2012-04-16,1992.63,501.09
2012-04-17,1985.3,500.38
2012-04-18,2004.53,503.63
2012-04-19,1999.86,501.92
2012-04-20,1974.65,497.56
2012-04-23,1972.63,495.02
2012-04-24,1963.42,487.62
2012-04-25,1961.98,483.48
2012-04-26,1964.04,476.62
2012-04-27,1975.35,479.08
2012-04-30,1981.99,478.89
2012-05-02,1999.07,485.54
2012-05-03,1995.11,487.44
2012-05-04,1989.15,490.53
2012-05-07,1956.44,487.01
2012-05-08,1967.01,494.6
2012-05-09,1950.29,491.56
2012-05-10,1944.93,494.27
2012-05-11,1917.13,493.66
2012-05-14,1913.73,488.53
2012-05-15,1898.96,480.5
2012-05-16,1840.53,465.01
2012-05-17,1845.24,468.13
2012-05-18,1782.46,448.68
2012-05-21,1799.13,448.89
2012-05-22,1828.69,461.45
2012-05-23,1808.62,455.9
2012-05-24,1814.47,455.72
2012-05-25,1824.17,462.4
2012-05-29,1849.91,470.02
2012-05-30,1844.86,469.62
2012-05-31,1843.47,471.94
2012-06-01,1834.51,472.13
2012-06-04,1783.13,450.84
2012-06-05,1801.85,456.68
2012-06-07,1847.95,466.18
2012-06-08,1835.64,461.99
2012-06-11,1867.04,469.59
2012-06-12,1854.74,471.97
2012-06-13,1859.32,470.96
2012-06-14,1871.48,472.03
2012-06-15,1858.16,467.75
2012-06-18,1891.71,475.26
2012-06-19,1891.77,478.36
2012-06-20,1904.12,484.55
2012-06-21,1889.15,485.18
2012-06-22,1847.39,485.19
2012-06-25,1825.38,484.44
2012-06-26,1817.81,484.34
2012-06-27,1817.65,483.03
2012-06-28,1819.18,485.91
2012-06-29,1854.01,489.16
2012-07-02,1851.65,490.43
2012-07-03,1867.82,493.91
2012-07-04,1874.45,495.81
2012-07-05,1875.49,497.34
2012-07-06,1858.2,497.21
2012-07-09,1836.13,495.23
2012-07-10,1829.45,492.34
2012-07-11,1826.39,491.93
2012-07-12,1785.39,486.38
2012-07-13,1812.89,484.32
2012-07-16,1817.79,483.5
2012-07-17,1821.96,480.61
2012-07-18,1794.91,472.88
2012-07-19,1822.96,478.68
2012-07-20,1822.93,481.83
2012-07-23,1789.44,472.24
2012-07-24,1793.93,468.28
2012-07-25,1769.31,454.72
2012-07-26,1782.47,457.86
2012-07-27,1829.16,464.72
2012-07-30,1843.79,465.46
2012-07-31,1881.99,467.61
2012-08-01,1879.93,468.53
2012-08-02,1869.4,466.63
2012-08-03,1848.68,465.28
2012-08-06,1885.88,469.61
2012-08-07,1886.8,471.6
2012-08-08,1903.23,471.42
2012-08-09,1940.59,474.05
2012-08-10,1946.4,475.51
2012-08-13,1932.44,478.4
2012-08-14,1956.96,480.74
2012-08-16,1957.91,485.32
2012-08-17,1946.54,487.26
2012-08-20,1946.31,490.13
2012-08-21,1943.22,491.72
2012-08-22,1935.19,492.89
2012-08-23,1942.54,499.34
2012-08-24,1919.81,497.51
2012-08-27,1917.87,493.83
2012-08-28,1916.33,499.53
2012-08-29,1928.54,505.32
2012-08-30,1906.38,505.64
2012-08-31,1905.12,508.35
2012-09-03,1912.71,512.45
2012-09-04,1907.13,507.41
2012-09-05,1874.03,505.39
2012-09-06,1881.24,506.72
2012-09-07,1929.58,510.87
2012-09-10,1924.7,512.11
2012-09-11,1920.0,514.42
2012-09-12,1950.03,517.52
2012-09-13,1950.69,520.48
2012-09-14,2007.58,519.14
2012-09-17,2002.35,519.0
2012-09-18,2004.96,523.52
2012-09-19,2007.88,528.06
2012-09-20,1990.33,528.06
2012-09-21,2002.37,531.49
2012-09-24,2003.44,532.28
2012-09-25,1991.41,522.96
2012-09-26,1980.44,520.71
2012-09-27,1988.7,518.29
2012-09-28,1996.21,523.78
2012-10-02,1996.03,527.56
2012-10-04,1992.68,531.44
2012-10-05,1995.17,535.82
2012-10-08,1981.89,537.79
2012-10-09,1979.04,540.43
2012-10-10,1948.22,533.86
2012-10-11,1933.09,534.95
2012-10-12,1933.26,539.86
2012-10-15,1925.59,529.33
2012-10-16,1941.54,530.23
2012-10-17,1955.15,528.22
2012-10-18,1959.12,514.16
2012-10-19,1943.84,518.81
2012-10-22,1941.59,523.0
2012-10-23,1926.81,524.15
2012-10-24,1913.96,524.35
2012-10-25,1924.5,518.25
2012-10-26,1891.43,505.5
2012-10-29,1891.52,494.88
2012-10-30,1899.58,502.31
2012-10-31,1912.06,508.31
2012-11-01,1898.44,508.83
2012-11-02,1918.72,513.37
2012-11-05,1908.22,515.14
2012-11-06,1928.17,517.53
2012-11-07,1937.55,518.45
2012-11-08,1914.41,519.04
2012-11-09,1904.41,519.9
2012-11-12,1900.87,521.43
2012-11-13,1889.7,513.8
2012-11-14,1894.04,503.24
2012-11-15,1870.72,493.84
2012-11-16,1860.83,482.99
2012-11-19,1878.1,493.14
2012-11-20,1890.18,496.66
2012-11-21,1884.04,492.19
2012-11-22,1899.5,497.03
2012-11-23,1911.33,498.82
2012-11-26,1908.51,496.24
2012-11-27,1925.2,493.63
2012-11-28,1912.78,494.48
2012-11-29,1934.85,496.73
2012-11-30,1932.9,499.37
2012-12-03,1940.02,498.97
2012-12-04,1935.18,502.71
2012-12-05,1947.04,496.5
2012-12-06,1949.62,488.03
2012-12-07,1957.45,489.22
2012-12-10,1957.42,489.59
2012-12-11,1964.62,481.59
2012-12-12,1975.44,485.33
2012-12-13,2002.77,490.15
2012-12-14,1995.04,491.65
2012-12-17,1983.07,485.48
2012-12-18,1993.09,483.19
2012-12-20,1999.5,479.21
2012-12-21,1980.42,478.06
2012-12-24,1981.82,483.76
2012-12-26,1982.25,482.76
2012-12-27,1987.35,492.08
2012-12-28,1997.05,496.32
2013-01-02,2031.1,501.61
2013-01-03,2019.41,499.07
2013-01-04,2011.94,504.84
2013-01-07,2011.25,508.72
2013-01-08,1997.94,509.01
2013-01-09,1991.81,511.94
2013-01-10,2006.8,514.48
2013-01-11,1996.67,515.42
2013-01-14,2007.04,513.44
2013-01-15,1983.74,508.02
2013-01-16,1977.45,507.68
2013-01-17,1974.27,506.35
2013-01-18,1987.85,512.24
2013-01-21,1986.86,514.66
2013-01-22,1996.52,516.59
2013-01-23,1980.41,513.26
2013-01-24,1964.48,508.63
2013-01-25,1946.69,506.83
2013-01-28,1939.71,504.2
2013-01-29,1955.96,505.35
2013-01-30,1964.43,502.8
2013-01-31,1961.94,503.67
2013-02-01,1957.79,503.31
2013-02-04,1953.21,501.32
2013-02-05,1938.18,498.16
2013-02-06,1936.19,502.56
2013-02-07,1931.77,501.78
2013-02-08,1950.9,504.94
2013-02-12,1945.79,503.72
2013-02-13,1976.07,507.99
2013-02-14,1979.61,512.53
2013-02-15,1981.18,514.58
2013-02-18,1981.91,518.52
2013-02-19,1985.83,522.49
2013-02-20,2024.64,525.69
2013-02-21,2015.22,524.44
2013-02-22,2018.89,528.36
2013-02-25,2009.52,527.27
2013-02-26,2000.01,528.56
2013-02-27,2004.04,533.36
2013-02-28,2026.49,535.87
2013-03-04,2013.15,537.38
2013-03-05,2016.61,543.96
2013-03-06,2020.74,544.36
2013-03-07,2004.4,541.3
2013-03-08,2006.01,543.1
2013-03-11,2003.35,540.44
2013-03-12,1993.34,543.88
2013-03-13,1999.73,549.73
2013-03-14,2002.13,553.58
2013-03-15,1986.5,554.81
2013-03-18,1968.18,541.09
2013-03-19,1978.56,550.01
2013-03-20,1959.41,546.26
2013-03-21,1950.82,544.56
2013-03-22,1948.71,551.25
2013-03-25,1977.67,549.56
2013-03-26,1983.7,549.9
2013-03-27,1993.44,548.72
2013-03-28,1993.52,552.64
2013-03-29,2004.89,555.02
2013-04-01,1995.99,553.97
2013-04-02,1986.15,552.83
2013-04-03,1983.22,557.96
2013-04-04,1959.45,555.23
2013-04-05,1927.23,547.51
2013-04-08,1918.69,528.78
2013-04-09,1920.74,528.15
2013-04-10,1935.58,534.84
2013-04-11,1949.8,544.3
2013-04-12,1924.23,547.19
2013-04-15,1920.45,553.99
2013-04-16,1922.21,558.95
2013-04-17,1923.84,558.54
2013-04-18,1900.06,551.1
2013-04-19,1906.75,541.46
2013-04-22,1926.31,547.1
2013-04-23,1918.63,554.37
2013-04-24,1935.31,563.81
2013-04-25,1951.6,559.4
2013-04-26,1944.56,565.35
2013-04-29,1940.7,568.36
2013-04-30,1963.95,563.87
2013-05-02,1957.21,560.48
2013-05-03,1965.71,565.33
2013-05-06,1961.48,567.13
2013-05-07,1954.35,573.68
2013-05-08,1956.45,576.7
2013-05-09,1979.45,573.35
2013-05-10,1944.75,569.7
2013-05-13,1948.7,565.72
2013-05-14,1968.83,560.47
2013-05-15,1971.26,565.65
2013-05-16,1986.81,566.06
2013-05-20,1982.43,567.32
2013-05-21,1981.09,572.69
2013-05-22,1993.83,574.25
2013-05-23,1969.19,569.34
2013-05-24,1973.45,574.06
2013-05-27,1979.97,577.56
2013-05-28,1986.22,585.76
2013-05-29,2001.2,585.69
2013-05-30,2000.1,581.13
2013-05-31,2001.05,577.87
2013-06-03,1989.57,569.41
2013-06-04,1989.51,561.55
2013-06-05,1959.19,549.09
2013-06-07,1923.85,535.75
2013-06-10,1932.7,547.0
2013-06-11,1920.68,547.87
2013-06-12,1909.91,546.2
2013-06-13,1882.73,540.82
2013-06-14,1889.24,536.04
2013-06-17,1883.1,524.5
2013-06-18,1900.62,534.26
2013-06-19,1888.31,531.41
2013-06-20,1850.49,525.59
2013-06-21,1822.83,520.89
2013-06-24,1799.01,508.65
2013-06-25,1780.63,480.96
2013-06-26,1783.45,493.07
2013-06-27,1834.7,512.25
2013-06-28,1863.32,519.06
2013-07-01,1855.73,527.81
2013-07-02,1855.02,526.92
2013-07-03,1824.66,521.31
2013-07-04,1839.14,525.22
2013-07-05,1833.31,525.4
2013-07-08,1816.85,515.85
2013-07-09,1830.35,519.34
2013-07-10,1824.16,515.64
2013-07-11,1877.6,527.25
2013-07-12,1869.98,532.47
2013-07-15,1875.16,531.67
2013-07-16,1866.36,537.72
2013-07-17,1887.49,541.82
2013-07-18,1875.48,541.56
2013-07-19,1871.41,541.87
2013-07-22,1880.35,541.14
2013-07-23,1904.15,541.64
2013-07-24,1912.08,543.6
2013-07-25,1909.61,541.94
2013-07-26,1910.81,545.31
2013-07-29,1899.89,540.98
2013-07-30,1917.05,546.43
2013-07-31,1914.03,554.31
2013-08-01,1920.74,549.52
2013-08-02,1923.38,551.76
2013-08-05,1916.22,556.6
2013-08-06,1906.62,557.36
2013-08-07,1878.33,554.73
2013-08-08,1883.97,555.3
2013-08-09,1880.71,554.93
2013-08-12,1884.83,550.25
2013-08-13,1913.03,550.85
2013-08-14,1923.91,550.87
2013-08-16,1920.11,548.79
2013-08-19,1917.64,550.49
2013-08-20,1887.85,537.57
2013-08-21,1867.46,530.54
2013-08-22,1849.12,517.64
2013-08-23,1870.16,529.19
2013-08-26,1887.86,533.73
2013-08-27,1885.84,524.39
2013-08-28,1884.52,517.44
2013-08-29,1907.54,520.37
2013-08-30,1926.36,516.74
2013-09-02,1924.81,525.18
2013-09-03,1933.74,525.89
2013-09-04,1933.03,526.16
2013-09-05,1951.65,528.06
2013-09-06,1955.31,523.77
2013-09-09,1974.67,521.11
2013-09-10,1994.06,523.15
2013-09-11,2003.85,529.34
2013-09-12,2004.06,529.58
2013-09-13,1994.32,530.89
2013-09-16,2013.37,526.2
2013-09-17,2005.58,527.11
2013-09-23,2009.41,527.07
2013-09-24,2007.1,527.29
2013-09-25,1998.06,527.27
2013-09-26,2007.32,532.83
2013-09-27,2011.8,537.5
2013-09-30,1996.96,534.89
2013-10-01,1998.87,530.35
2013-10-02,1999.47,532.02
2013-10-04,1996.98,532.01
2013-10-07,1994.42,528.44
2013-10-08,2002.76,528.83
2013-10-10,2001.4,529.04
2013-10-11,2024.9,532.6
2013-10-14,2020.27,531.66
2013-10-15,2040.96,533.12
2013-10-16,2034.61,525.68
2013-10-17,2040.61,521.52
2013-10-18,2052.4,525.69
2013-10-21,2053.01,529.34
2013-10-22,2056.12,531.89
2013-10-23,2035.75,525.38
2013-10-24,2046.69,531.03
2013-10-25,2034.39,534.02
2013-10-28,2048.14,534.98
2013-10-29,2051.76,533.91
2013-10-30,2059.58,537.68
2013-10-31,2030.09,532.44
2013-11-01,2039.42,534.74
2013-11-04,2025.17,533.64
2013-11-05,2013.93,528.73
2013-11-06,2013.67,525.99
2013-11-07,2004.04,520.65
2013-11-08,1984.87,515.74
2013-11-11,1977.3,502.94
2013-11-12,1995.48,510.73
2013-11-13,1963.56,505.6
2013-11-14,1967.56,511.75
2013-11-15,2005.64,512.74
2013-11-18,2010.81,509.54
2013-11-19,2031.64,505.5
2013-11-20,2017.24,504.16
2013-11-21,1993.78,501.05
2013-11-22,2006.23,504.06
2013-11-25,2015.98,507.76
2013-11-26,2022.64,510.54
2013-11-27,2028.81,511.65
2013-11-28,2045.77,515.52
2013-11-29,2044.87,517.06
2013-12-02,2030.78,512.69
2013-12-03,2009.36,508.16
2013-12-04,1986.8,506.28
2013-12-05,1984.77,506.32
2013-12-06,1980.41,506.32
2013-12-09,2000.38,502.23
2013-12-10,1993.45,497.72
2013-12-11,1977.97,494.78
2013-12-12,1967.93,495.64
2013-12-13,1962.91,494.36
2013-12-16,1961.15,488.19
2013-12-17,1965.74,486.15
2013-12-18,1974.63,485.65
2013-12-19,1975.65,484.17
2013-12-20,1983.35,488.41
2013-12-23,1996.89,489.63
2013-12-24,2001.59,491.08
2013-12-26,1999.3,488.87
2013-12-27,2002.28,496.77
2013-12-30,2011.34,499.99
2014-01-02,1967.19,496.28
2014-01-03,1946.14,499.33
2014-01-06,1953.28,500.62
2014-01-07,1959.44,504.86
2014-01-08,1958.96,509.78
2014-01-09,1946.11,511.6
2014-01-10,1938.54,510.19
2014-01-13,1948.92,512.92
2014-01-14,1946.07,512.27
2014-01-15,1953.28,515.97
2014-01-16,1957.32,517.83
2014-01-17,1944.48,518.1
2014-01-20,1953.78,519.99
2014-01-21,1963.89,520.99
2014-01-22,1970.42,523.07
2014-01-23,1947.59,522.72
2014-01-24,1940.56,520.31
2014-01-27,1910.34,507.51
2014-01-28,1916.93,509.29
2014-01-29,1941.15,515.2
2014-02-03,1919.96,513.62
2014-02-04,1886.85,507.56
2014-02-05,1891.32,505.62
2014-02-06,1907.89,509.87
2014-02-07,1922.5,514.45
2014-02-10,1923.3,518.47
2014-02-11,1932.06,518.9
2014-02-12,1935.84,520.64
2014-02-13,1926.96,521.82
2014-02-14,1940.28,522.58
2014-02-17,1946.36,522.0
2014-02-18,1946.91,525.42
2014-02-19,1942.93,529.87
2014-02-20,1930.57,525.69
2014-02-21,1957.83,528.51
2014-02-24,1949.05,526.34
2014-02-25,1964.86,528.61
2014-02-26,1970.77,529.23
2014-02-27,1978.43,528.37
2014-02-28,1979.99,528.96
2014-03-03,1964.69,529.86
2014-03-04,1954.11,531.54
2014-03-05,1971.24,536.77
2014-03-06,1975.62,540.33
2014-03-07,1974.68,543.76
2014-03-10,1954.42,542.19
2014-03-11,1963.87,547.68
2014-03-12,1932.54,539.3
2014-03-13,1934.38,547.51
2014-03-14,1919.9,544.27
2014-03-17,1927.53,535.82
2014-03-18,1940.21,541.15
2014-03-19,1937.68,542.25
2014-03-20,1919.52,541.79
2014-03-21,1934.94,546.81
2014-03-24,1945.55,545.6
2014-03-25,1941.25,539.05
2014-03-26,1964.31,544.13
2014-03-27,1977.97,541.46
2014-03-28,1981.0,544.1
2014-03-31,1985.61,541.58
2014-04-01,1991.98,549.08
2014-04-02,1997.25,557.65
2014-04-03,1993.7,557.01
2014-04-04,1988.09,560.44
2014-04-07,1989.7,554.23
2014-04-08,1993.03,554.07
2014-04-09,1998.95,552.22
2014-04-10,2008.61,555.1
2014-04-11,1997.44,555.87
2014-04-14,1997.02,562.04
2014-04-15,1992.27,562.11
2014-04-16,1992.21,565.96
2014-04-17,1992.05,565.75
2014-04-18,2004.28,571.23
2014-04-21,1999.22,569.28
2014-04-22,2004.22,570.98
2014-04-23,2000.37,565.47
2014-04-24,1998.34,561.12
2014-04-25,1971.66,556.48
2014-04-28,1969.26,556.96
2014-04-29,1964.77,556.97
2014-04-30,1961.79,559.34
2014-05-02,1959.44,558.66
2014-05-07,1939.88,550.35
2014-05-08,1950.6,546.89
2014-05-09,1956.55,550.19
2014-05-12,1964.94,551.4
2014-05-13,1982.93,557.16
2014-05-14,2010.83,560.3
2014-05-15,2010.2,561.75
2014-05-16,2013.44,557.59
2014-05-19,2015.14,546.81
2014-05-20,2011.26,542.96
2014-05-21,2008.33,545.59
2014-05-22,2015.59,546.75
2014-05-23,2017.17,549.7
2014-05-26,2010.35,548.83
2014-05-27,1997.63,547.97
2014-05-28,2017.06,549.96
2014-05-29,2012.26,549.61
2014-05-30,1994.96,546.53
2014-06-02,2002.0,535.15
2014-06-03,2008.56,531.28
2014-06-05,1995.48,523.12
2014-06-09,1990.04,524.03
2014-06-10,2011.8,532.64
2014-06-11,2014.67,533.3
2014-06-12,2011.65,536.14
2014-06-13,1990.85,536.34
2014-06-16,1993.59,536.02
2014-06-17,2001.55,537.9
2014-06-18,1989.49,537.05
2014-06-19,1992.03,536.79
2014-06-20,1968.07,536.69
2014-06-23,1974.92,529.96
2014-06-24,1994.35,529.49
2014-06-25,1981.77,527.26
2014-06-26,1995.05,530.04
2014-06-27,1988.51,531.43
2014-06-30,2002.21,537.06
2014-07-01,1999.0,544.9
2014-07-02,2015.28,549.03
2014-07-03,2010.97,550.68
2014-07-04,2009.66,552.9
2014-07-07,2005.12,553.15
2014-07-08,2006.66,554.9
2014-07-09,2000.5,555.84
2014-07-10,2002.84,559.32
2014-07-11,1988.74,556.58
2014-07-14,1993.88,561.5
2014-07-15,2012.72,559.15
2014-07-16,2013.48,555.27
2014-07-17,2020.9,558.94
2014-07-18,2019.42,560.26
2014-07-21,2018.5,561.75
2014-07-22,2028.93,564.93
2014-07-23,2028.32,563.14
2014-07-24,2026.62,559.67
2014-07-25,2033.85,562.78
2014-07-28,2048.81,552.98
2014-07-29,2061.97,541.82
2014-07-30,2082.61,541.81
2014-07-31,2076.12,536.32
2014-08-01,2073.1,541.09
2014-08-04,2080.42,549.61
2014-08-05,2066.26,547.75
2014-08-06,2060.73,548.43
2014-08-07,2054.51,547.11
2014-08-08,2031.1,544.24
2014-08-11,2039.37,546.3
2014-08-12,2041.47,545.76
2014-08-13,2062.36,551.73
2014-08-14,2063.22,558.18
2014-08-18,2053.13,561.1
2014-08-19,2071.14,562.66
2014-08-20,2072.78,561.96
2014-08-21,2044.21,562.52
2014-08-22,2056.7,566.35
2014-08-25,2060.89,564.4
2014-08-26,2068.05,568.24
2014-08-27,2074.93,567.23
2014-08-28,2075.76,570.24
2014-08-29,2068.54,570.2
2014-09-01,2067.86,566.95
2014-09-02,2051.58,568.74
2014-09-03,2051.2,571.4
2014-09-04,2056.26,568.9
2014-09-05,2049.41,572.37
2014-09-11,2034.16,573.7
2014-09-12,2041.86,570.65
2014-09-15,2035.82,565.77
2014-09-16,2042.92,572.36
2014-09-17,2062.61,574.98
2014-09-18,2047.74,576.97
2014-09-19,2053.82,581.38
2014-09-22,2039.27,577.35
2014-09-23,2028.91,575.56
2014-09-24,2035.64,580.42
2014-09-25,2034.11,577.48
2014-09-26,2031.64,577.66
2014-09-29,2026.6,569.27
2014-09-30,2020.09,573.22
2014-10-01,1991.54,566.99
2014-10-02,1976.16,569.84
2014-10-06,1968.39,566.27
2014-10-07,1972.91,562.82
2014-10-08,1965.25,566.74
2014-10-10,1940.92,555.95
2014-10-13,1927.21,534.31
2014-10-14,1929.25,544.05
2014-10-15,1925.91,545.51
2014-10-16,1918.83,545.49
2014-10-17,1900.66,547.7
2014-10-20,1930.06,556.01
2014-10-21,1915.28,557.54
2014-10-22,1936.97,564.52
2014-10-23,1931.65,564.31
2014-10-24,1925.69,560.66
2014-10-27,1931.97,559.92
2014-10-28,1925.68,562.29
2014-10-29,1961.17,561.03
2014-10-30,1958.93,557.86
2014-10-31,1964.43,558.7
2014-11-03,1952.97,552.47
2014-11-04,1935.19,542.16
2014-11-05,1931.43,540.27
2014-11-06,1936.48,531.81
2014-11-07,1939.87,539.9
2014-11-10,1958.23,539.22
2014-11-11,1963.0,545.13
2014-11-12,1967.27,546.46
2014-11-13,1960.51,547.7
2014-11-14,1945.14,541.93
2014-11-17,1943.63,531.18
2014-11-18,1967.01,536.2
2014-11-19,1966.87,540.84
2014-11-20,1958.04,539.93
2014-11-21,1964.84,543.98
2014-11-24,1978.54,541.93
2014-11-25,1980.21,546.34
2014-11-26,1980.84,547.34
2014-11-27,1982.09,545.97
2014-11-28,1980.78,545.08
2014-12-01,1965.22,539.45
2014-12-02,1965.83,541.53
2014-12-03,1969.91,545.02
2014-12-04,1986.61,548.16
2014-12-05,1986.62,550.85
2014-12-08,1978.95,551.4
2014-12-09,1970.95,546.57
2014-12-10,1945.56,541.96
2014-12-11,1916.59,537.21
2014-12-12,1921.71,533.67
2014-12-15,1920.36,538.09
2014-12-16,1904.13,534.15
2014-12-17,1900.16,533.06
2014-12-18,1897.5,527.52
2014-12-19,1929.98,535.51
2014-12-22,1943.12,536.78
2014-12-23,1939.02,534.65
2014-12-24,1946.61,536.89
2014-12-26,1948.16,535.17
2014-12-29,1927.86,539.22
2014-12-30,1915.59,542.97
2015-01-02,1926.44,553.73
2015-01-05,1915.75,561.25
2015-01-06,1882.45,558.9
2015-01-07,1883.83,561.32
2015-01-08,1904.65,566.43
2015-01-09,1924.7,572.99
2015-01-12,1920.95,574.76
2015-01-13,1917.14,571.0
2015-01-14,1913.66,574.17
2015-01-15,1914.14,581.39
2015-01-16,1888.13,577.41
2015-01-19,1902.62,577.94
2015-01-20,1918.31,582.27
2015-01-21,1921.23,584.34
2015-01-22,1920.82,578.42
2015-01-23,1936.09,589.31
2015-01-26,1935.68,590.34
2015-01-27,1952.4,587.84
2015-01-28,1961.58,594.39
2015-01-29,1951.02,593.12
2015-01-30,1949.26,591.58
2015-02-02,1952.68,590.27
2015-02-03,1951.96,593.31
2015-02-04,1962.79,598.23
2015-02-05,1952.84,600.81
2015-02-06,1955.52,604.13
2015-02-09,1947.0,593.75
2015-02-10,1935.86,592.95
2015-02-11,1945.7,601.41
2015-02-12,1941.63,602.24
2015-02-13,1957.5,608.07
2015-02-16,1958.23,610.16
2015-02-17,1961.45,609.1
2015-02-23,1968.39,615.52
2015-02-24,1976.12,621.31
2015-02-25,1990.47,616.57
2015-02-26,1993.08,617.08
2015-02-27,1985.8,624.56
2015-03-02,1996.81,621.81
2015-03-03,2001.38,625.64
2015-03-04,1998.29,630.35
2015-03-05,1998.38,631.43
2015-03-06,2012.94,635.84
2015-03-09,1992.82,629.26
2015-03-10,1984.77,621.99
2015-03-11,1980.83,619.61
2015-03-12,1970.59,628.15
2015-03-13,1985.79,634.25
2015-03-16,1987.33,635.4
2015-03-17,2029.91,636.05
2015-03-18,2028.45,628.99
2015-03-19,2037.89,631.81
2015-03-20,2037.24,640.08
2015-03-23,2036.59,640.29
2015-03-24,2041.37,641.87
2015-03-25,2042.81,651.05
2015-03-26,2022.56,642.53
2015-03-27,2019.8,640.12
2015-03-30,2030.04,646.74
2015-03-31,2041.03,650.49
2015-04-01,2028.45,650.23
2015-04-02,2029.07,650.57
2015-04-03,2045.42,658.04
2015-04-06,2046.43,662.15
2015-04-07,2047.03,666.83
2015-04-08,2059.26,668.03
2015-04-09,2058.87,676.96
2015-04-10,2087.76,682.02
2015-04-13,2098.92,689.39
2015-04-14,2111.72,684.97
2015-04-15,2119.96,694.44
2015-04-16,2139.9,698.31
2015-04-17,2143.5,706.9
2015-04-20,2146.71,706.96
2015-04-21,2144.79,714.52
2015-04-22,2143.89,703.34
2015-04-23,2173.41,692.48
2015-04-24,2159.8,690.74
2015-04-27,2157.54,699.39
2015-04-28,2147.67,696.79
2015-04-29,2142.63,695.69
2015-04-30,2127.17,689.01
2015-05-04,2132.23,677.9
2015-05-06,2104.58,665.94
2015-05-07,2091.0,673.08
2015-05-08,2085.52,681.69
2015-05-11,2097.38,692.29
2015-05-12,2096.77,686.74
2015-05-13,2114.16,692.23
2015-05-14,2120.33,699.27
2015-05-15,2106.5,705.4
2015-05-18,2113.72,703.25
2015-05-19,2120.85,706.79
2015-05-20,2139.54,713.95
2015-05-21,2122.81,715.64
2015-05-22,2146.1,713.54
2015-05-26,2143.5,708.66
2015-05-27,2107.5,699.19
2015-05-28,2110.89,709.01
2015-05-29,2114.8,711.39
2015-06-01,2102.37,715.73
2015-06-02,2078.64,704.77
2015-06-03,2063.16,696.97
2015-06-04,2072.86,704.56
2015-06-05,2068.1,707.27
2015-06-08,2065.19,716.43
2015-06-09,2064.03,722.51
2015-06-10,2051.32,718.23
2015-06-11,2056.61,717.0
2015-06-12,2052.17,712.4
2015-06-15,2042.32,705.85
2015-06-16,2028.72,706.28
2015-06-17,2034.86,718.61
2015-06-18,2041.88,725.2
2015-06-19,2046.96,729.92
2015-06-22,2055.16,734.61
2015-06-23,2081.2,739.82
2015-06-24,2085.53,746.62
2015-06-25,2085.06,753.66
2015-06-26,2090.26,750.5
2015-06-29,2060.49,733.04
2015-06-30,2074.2,742.27
2015-07-01,2097.89,760.67
2015-07-02,2107.33,768.67
2015-07-03,2104.41,769.26
2015-07-06,2053.93,752.01
2015-07-07,2040.29,729.64
2015-07-08,2016.21,726.22
2015-07-09,2027.81,726.01
2015-07-10,2031.17,730.72
2015-07-13,2061.52,749.46
2015-07-14,2059.23,757.12
2015-07-15,2072.91,761.59
2015-07-16,2087.89,774.4
2015-07-17,2076.79,773.23
2015-07-20,2073.31,782.64
2015-07-21,2083.62,781.99
2015-07-22,2064.73,776.57
2015-07-23,2065.07,776.99
2015-07-24,2045.96,776.26
2015-07-27,2038.81,751.04
2015-07-28,2039.1,745.24
2015-07-29,2037.62,730.47
2015-07-30,2019.03,712.86
2015-07-31,2030.16,725.06
2015-08-03,2008.49,714.34
2015-08-04,2027.99,730.03
2015-08-05,2029.76,741.26
2015-08-06,2013.29,747.74
2015-08-07,2010.23,751.49
2015-08-10,2003.17,746.34
2015-08-11,1986.65,732.26
2015-08-12,1975.47,717.2
2015-08-13,1983.46,731.36
2015-08-17,1968.52,722.01
2015-08-18,1956.26,699.8
2015-08-19,1939.38,670.55
2015-08-20,1914.55,656.71
2015-08-21,1876.07,627.05
2015-08-24,1829.81,613.33
2015-08-25,1846.63,645.43
2015-08-26,1894.09,667.44
2015-08-27,1908.0,673.71
2015-08-28,1937.67,687.96
2015-08-31,1941.49,687.11
2015-09-01,1914.23,672.94
2015-09-02,1915.22,678.02
2015-09-03,1915.53,678.25
2015-09-04,1886.04,650.45
2015-09-07,1883.22,648.8
2015-09-08,1878.68,638.22
2015-09-09,1934.2,660.67
2015-09-10,1962.11,668.29
2015-09-11,1941.37,669.87
2015-09-14,1931.46,662.88
2015-09-15,1937.56,666.75
2015-09-16,1975.45,676.48
2015-09-17,1976.49,671.05
2015-09-18,1995.95,690.18
2015-09-21,1964.68,688.9
2015-09-22,1982.06,693.67
2015-09-23,1944.64,680.28
2015-09-24,1947.1,683.88
2015-09-25,1942.85,682.7
2015-09-30,1962.81,678.48
2015-10-01,1979.32,684.79
2015-10-02,1969.68,686.42
2015-10-05,1978.25,691.19
2015-10-06,1990.65,689.06
2015-10-07,2005.84,679.83
2015-10-08,2019.53,674.97
2015-10-12,2021.63,672.96
2015-10-13,2019.05,672.82
2015-10-14,2009.55,668.92
2015-10-15,2033.27,676.05
2015-10-16,2030.26,681.73
2015-10-19,2030.27,684.29
2015-10-20,2039.36,691.21
2015-10-21,2042.98,686.5
2015-10-22,2023.0,676.3
2015-10-23,2040.4,681.97
2015-10-26,2048.08,690.73
2015-10-27,2044.65,688.32
2015-10-28,2042.51,693.53
2015-10-29,2034.16,690.63
2015-10-30,2029.47,683.63
2015-11-02,2035.24,680.01
2015-11-03,2048.4,682.13
2015-11-04,2052.77,686.18
2015-11-05,2049.41,694.43
2015-11-06,2041.07,694.21
2015-11-09,2025.7,671.84
2015-11-10,1996.59,656.7
2015-11-11,1997.27,667.21
2015-11-12,1993.36,672.99
2015-11-13,1973.29,670.52
2015-11-16,1943.02,659.2
2015-11-17,1963.58,672.17
2015-11-18,1962.88,670.67
2015-11-19,1988.91,680.57
2015-11-20,1989.86,685.16
2015-11-23,2003.7,688.29
2015-11-24,2016.29,687.86
2015-11-25,2009.42,688.78
2015-11-26,2030.68,693.42
2015-11-27,2028.99,694.21
2015-11-30,1991.97,688.38
2015-12-01,2023.93,691.95
2015-12-02,2009.29,690.32
2015-12-03,1994.07,690.77
2015-12-04,1974.4,685.77
2015-12-07,1963.67,683.34
2015-12-08,1949.04,668.42
2015-12-09,1948.24,664.08
2015-12-10,1952.07,658.08
2015-12-11,1948.62,653.48
2015-12-14,1927.82,630.37
2015-12-15,1932.97,639.78
2015-12-16,1969.4,647.27
2015-12-17,1977.96,658.11
2015-12-18,1975.32,667.45
2015-12-21,1981.19,668.65
2015-12-22,1992.56,663.42
2015-12-23,1999.22,659.6
2015-12-24,1990.65,656.53
2015-12-28,1964.06,652.05
2015-12-29,1966.31,673.22
2015-12-30,1961.31,682.35
2016-01-04,1918.76,677.79
2016-01-05,1930.53,684.07
2016-01-06,1925.43,687.27
2016-01-07,1904.33,679.66
2016-01-08,1917.62,682.56
2016-01-11,1894.84,674.96
2016-01-12,1890.86,671.3
2016-01-13,1916.28,686.03
2016-01-14,1900.01,683.19
2016-01-15,1878.87,678.43
2016-01-18,1878.45,683.63
2016-01-19,1889.64,681.25
2016-01-20,1845.45,669.68
2016-01-21,1840.53,665.84
2016-01-22,1879.43,670.95
2016-01-25,1893.43,681.43
2016-01-26,1871.69,678.85
2016-01-27,1897.87,675.25
2016-01-28,1906.94,681.29
2016-01-29,1912.06,682.8
2016-02-01,1924.82,685.55
2016-02-02,1906.6,684.86
2016-02-03,1890.67,680.94
2016-02-04,1916.26,683.62
2016-02-05,1917.79,681.31
2016-02-11,1861.54,647.69
2016-02-12,1835.28,608.45
2016-02-15,1862.2,621.37
2016-02-16,1888.3,634.95
2016-02-17,1883.94,623.49
2016-02-18,1908.84,638.43
2016-02-19,1916.24,644.56
2016-02-22,1916.36,650.14
2016-02-23,1914.22,642.31
2016-02-24,1912.53,643.98
2016-02-25,1918.57,646.27
2016-02-26,1920.16,649.3
2016-02-29,1916.66,651.62
2016-03-02,1947.42,662.25
2016-03-03,1958.17,669.01
2016-03-04,1955.63,673.84
2016-03-07,1957.87,672.21
2016-03-08,1946.12,674.32
2016-03-09,1952.95,679.64
2016-03-10,1969.33,687.6
2016-03-11,1971.41,689.17
2016-03-14,1972.27,691.05
2016-03-15,1969.97,693.34
2016-03-16,1974.9,693.44
2016-03-17,1987.99,691.49
2016-03-18,1992.12,695.02
2016-03-21,1989.76,692.42
2016-03-22,1996.81,691.51
2016-03-23,1995.12,689.39
2016-03-24,1985.97,686.26
2016-03-25,1983.81,683.2
2016-03-28,1982.54,676.51
2016-03-29,1994.91,686.5
2016-03-30,2002.14,691.13
2016-03-31,1995.85,688.38
2016-04-01,1973.57,690.69
2016-04-04,1978.97,696.98
2016-04-05,1962.74,695.7
2016-04-06,1971.32,694.03
2016-04-07,1973.89,697.13
2016-04-08,1972.05,697.1
2016-04-11,1970.37,693.01
2016-04-12,1981.32,693.45
2016-04-14,2015.93,693.42
2016-04-15,2014.71,695.62
2016-04-18,2009.1,695.34
2016-04-19,2011.36,701.68
2016-04-20,2005.83,699.86
2016-04-21,2022.1,701.62
2016-04-22,2015.49,703.05
2016-04-25,2014.55,703.7
2016-04-26,2019.63,702.06
2016-04-27,2015.4,699.52
2016-04-28,2000.93,699.7
2016-04-29,1994.15,699.77
2016-05-02,1978.15,690.27
2016-05-03,1986.41,698.66
2016-05-04,1976.71,694.17
2016-05-09,1967.81,691.82
2016-05-10,1982.5,700.23
2016-05-11,1980.1,703.94
2016-05-12,1977.49,705.04
2016-05-13,1966.99,704.37
2016-05-16,1967.91,701.46
2016-05-17,1968.06,695.95
2016-05-18,1956.73,683.87
2016-05-19,1946.78,679.39
2016-05-20,1947.67,684.92
2016-05-23,1955.25,691.0
2016-05-24,1937.68,687.71
2016-05-25,1960.51,689.33
2016-05-26,1957.06,687.94
2016-05-27,1969.17,691.54
2016-05-30,1967.13,692.06
2016-05-31,1983.4,698.45
2016-06-01,1982.72,700.03
2016-06-02,1985.11,701.15
2016-06-03,1985.84,701.43
2016-06-07,2011.63,704.77
2016-06-08,2027.08,703.99
2016-06-09,2024.17,705.08
2016-06-10,2017.63,706.81
2016-06-13,1979.06,695.61
2016-06-14,1972.03,692.94
2016-06-15,1968.83,694.66
2016-06-16,1951.99,680.25
2016-06-17,1953.4,678.86
2016-06-20,1981.12,688.95
2016-06-21,1982.7,688.55
2016-06-22,1992.58,688.18
2016-06-23,1986.71,679.52
2016-06-24,1925.24,647.16
2016-06-27,1926.85,648.12
2016-06-28,1936.22,659.3
2016-06-29,1956.36,669.88
2016-06-30,1970.35,675.09
2016-07-01,1987.32,684.26
2016-07-04,1995.3,688.15
2016-07-05,1989.85,692.73
2016-07-06,1953.12,685.51
2016-07-07,1974.08,695.95
2016-07-08,1963.1,692.6
2016-07-11,1988.54,697.25
2016-07-12,1991.23,699.4
2016-07-13,2005.55,702.65
2016-07-14,2008.77,703.34
2016-07-15,2017.26,700.28
2016-07-18,2021.11,700.9
2016-07-19,2016.89,702.44
2016-07-20,2015.46,705.03
2016-07-21,2012.22,708.12
2016-07-22,2010.34,707.54
2016-07-25,2012.32,704.96
2016-07-26,2027.34,705.4
2016-07-27,2025.05,701.09
2016-07-28,2021.1,703.78
2016-07-29,2016.19,706.24
2016-08-01,2029.61,703.72
2016-08-02,2019.03,700.9
2016-08-03,1994.79,698.32
2016-08-04,2000.03,701.67
2016-08-05,2017.94,696.09
2016-08-08,2031.12,696.43
2016-08-09,2043.78,700.73
2016-08-10,2044.64,707.46
2016-08-11,2048.8,703.33
2016-08-12,2050.47,705.18
2016-08-16,2047.76,698.87
2016-08-17,2043.75,693.67
2016-08-18,2055.47,696.93
2016-08-19,2056.24,696.2
2016-08-22,2042.16,688.15
2016-08-23,2049.93,687.38
2016-08-24,2043.76,687.78
2016-08-25,2042.92,683.96
2016-08-26,2037.5,680.43
2016-08-29,2032.35,663.58
2016-08-30,2039.74,667.61
2016-08-31,2034.65,663.69
2016-09-01,2032.72,671.29
2016-09-02,2038.31,676.91
2016-09-05,2060.08,679.49
2016-09-06,2066.53,679.26
2016-09-07,2061.88,672.49
2016-09-08,2063.73,667.4
2016-09-09,2037.87,664.99
2016-09-12,1991.48,652.91
2016-09-13,1999.36,660.15
2016-09-19,2015.78,666.64
2016-09-20,2025.71,674.51
2016-09-21,2035.99,678.28
2016-09-22,2049.7,685.24
2016-09-23,2054.07,688.59
2016-09-26,2047.11,686.76
2016-09-27,2062.82,687.99
2016-09-28,2053.06,686.76
2016-09-29,2068.72,689.83
2016-09-30,2043.63,681.21
2016-10-04,2054.86,685.88
2016-10-05,2053.0,685.44
2016-10-06,2065.3,684.33
2016-10-07,2053.8,675.9
2016-10-10,2056.82,674.74
2016-10-11,2031.93,670.64
2016-10-12,2033.73,669.95
2016-10-13,2015.44,663.09
2016-10-14,2022.66,664.92
2016-10-17,2027.61,659.83
2016-10-18,2040.43,660.29
2016-10-19,2040.94,661.26
2016-10-20,2040.6,655.68
2016-10-21,2033.0,651.77
2016-10-24,2047.74,647.88
2016-10-25,2037.17,640.17
2016-10-26,2013.89,635.51
2016-10-27,2024.12,648.57
2016-10-28,2019.42,640.17
2016-10-31,2008.19,624.68
2016-11-01,2007.39,626.38
2016-11-02,1978.94,606.06
2016-11-03,1983.8,609.99
2016-11-04,1982.02,610.82
2016-11-07,1997.58,622.17
2016-11-08,2003.38,624.19
2016-11-09,1958.38,599.74
2016-11-10,2002.6,623.23
2016-11-11,1984.43,621.89
2016-11-14,1974.4,621.23
2016-11-15,1967.53,617.43
2016-11-16,1979.65,627.83
2016-11-17,1980.55,627.76
2016-11-18,1974.58,620.26
2016-11-21,1966.05,609.33
2016-11-22,1983.47,610.74
2016-11-23,1987.95,600.29
2016-11-24,1971.26,592.65
2016-11-25,1974.46,597.82
2016-11-28,1978.13,593.05
2016-11-29,1978.39,596.07
2016-11-30,1983.48,596.11
2016-12-01,1983.75,593.85
2016-12-02,1970.61,586.73
2016-12-05,1963.36,575.12
2016-12-06,1989.86,581.35
2016-12-07,1991.89,578.52
2016-12-08,2031.07,584.62
2016-12-09,2024.69,594.35
2016-12-12,2027.24,603.08
2016-12-13,2035.98,611.09
2016-12-14,2036.87,612.47
2016-12-15,2036.65,620.61
2016-12-16,2042.24,622.08
2016-12-19,2038.39,622.77
2016-12-20,2041.94,617.99
2016-12-21,2037.96,618.63
2016-12-22,2035.73,615.93
2016-12-23,2035.9,619.75
2016-12-26,2037.75,615.16
2016-12-27,2042.17,618.38
2016-12-28,2024.49,627.27
2016-12-29,2026.46,631.44
2017-01-02,2026.16,632.04
2017-01-03,2043.97,636.57
2017-01-04,2045.64,639.79
2017-01-05,2041.95,642.48
2017-01-06,2049.12,643.68
2017-01-09,2048.78,642.15
2017-01-10,2045.12,636.73
2017-01-11,2075.17,637.9
2017-01-12,2087.14,632.87
2017-01-13,2076.79,634.68
2017-01-16,2064.17,627.88
2017-01-17,2071.87,624.0
2017-01-18,2070.54,626.89
2017-01-19,2072.79,626.19
2017-01-20,2065.61,622.12
2017-01-23,2065.99,615.99
2017-01-24,2065.76,612.93
2017-01-25,2066.94,609.64
2017-01-26,2083.59,616.81
2017-01-31,2067.57,616.13
2017-02-01,2080.48,623.68
2017-02-02,2071.01,613.04
2017-02-03,2073.16,609.21
2017-02-06,2077.66,610.96
2017-02-07,2075.21,608.72
2017-02-08,2065.08,608.79
2017-02-09,2065.88,611.04
2017-02-10,2075.08,610.58
2017-02-13,2078.65,611.94
2017-02-14,2074.57,611.54
2017-02-15,2083.86,615.95
2017-02-16,2081.84,616.58
2017-02-17,2080.58,618.7
2017-02-20,2084.39,619.97
2017-02-21,2102.93,622.47
2017-02-22,2106.61,621.39
2017-02-23,2107.63,617.67
2017-02-24,2094.12,614.75
2017-02-27,2085.52,612.12
2017-02-28,2091.64,612.2
2017-03-02,2102.65,608.93
2017-03-03,2078.75,600.73
2017-03-06,2081.36,604.05
2017-03-07,2094.05,606.05
2017-03-08,2095.41,605.75
2017-03-09,2091.06,606.13
2017-03-10,2097.35,612.26
2017-03-13,2117.59,615.59
2017-03-14,2133.78,614.12
2017-03-15,2133.0,608.68
2017-03-16,2150.08,613.88
2017-03-17,2164.58,613.26
2017-03-20,2157.01,609.11
2017-03-21,2178.38,609.73
2017-03-22,2168.3,607.57
2017-03-23,2172.72,605.53
2017-03-24,2168.95,608.18
2017-03-27,2155.66,607.07
2017-03-28,2163.31,612.28
2017-03-29,2166.98,613.63
2017-03-30,2164.64,614.68
2017-03-31,2160.23,619.28
2017-04-03,2167.51,628.52
2017-04-04,2161.1,625.49
2017-04-05,2160.85,630.17
2017-04-06,2152.75,630.46
2017-04-07,2151.73,633.32
2017-04-10,2133.32,619.41
2017-04-11,2123.85,621.64
2017-04-12,2128.91,621.45
2017-04-13,2148.61,623.87
2017-04-14,2134.88,618.24
2017-04-17,2145.76,629.47
2017-04-18,2148.46,634.73
2017-04-19,2138.4,635.99
2017-04-20,2149.15,635.8
2017-04-21,2165.04,634.96
2017-04-24,2173.74,626.62
2017-04-25,2196.85,632.57
2017-04-26,2207.84,635.11
2017-04-27,2209.46,631.11
2017-04-28,2205.44,628.24
2017-05-02,2219.67,626.43
2017-05-04,2241.24,635.11
2017-05-08,2292.76,643.39
2017-05-10,2270.12,642.68
2017-05-11,2296.37,647.58
2017-05-12,2286.02,643.73
2017-05-15,2290.65,645.38
2017-05-16,2295.33,639.11
2017-05-17,2293.08,640.01
2017-05-18,2286.82,638.12
2017-05-19,2288.48,642.45
2017-05-22,2304.03,642.62
2017-05-23,2311.74,644.73
2017-05-24,2317.34,646.04
2017-05-25,2342.93,643.02
2017-05-26,2355.3,646.01
2017-05-29,2352.97,642.98
2017-05-30,2343.68,649.06
2017-05-31,2347.38,652.04
2017-06-01,2344.61,653.83
2017-06-02,2371.72,658.78
2017-06-05,2368.62,662.32
2017-06-07,2360.14,666.46
2017-06-08,2363.57,669.97
2017-06-09,2381.69,674.15
2017-06-12,2357.87,664.86
2017-06-13,2374.7,669.23
2017-06-14,2372.64,671.59
2017-06-15,2361.65,669.82
2017-06-16,2361.83,670.7
2017-06-19,2370.9,675.44
2017-06-20,2369.23,669.41
2017-06-21,2357.53,665.77
2017-06-22,2370.37,663.28
2017-06-23,2378.6,668.93
2017-06-26,2388.66,668.36
2017-06-27,2391.95,672.63
2017-06-28,2382.56,665.89
2017-06-29,2395.66,668.0
2017-06-30,2391.79,669.04
2017-07-03,2394.48,660.97
2017-07-04,2380.52,656.19
2017-07-05,2388.35,661.54
2017-07-06,2387.81,663.79
2017-07-07,2379.87,663.77
2017-07-10,2382.1,657.86
2017-07-11,2396.0,656.01
2017-07-12,2391.77,651.1
2017-07-13,2409.49,652.69
2017-07-14,2414.63,654.11
2017-07-17,2425.1,659.89
2017-07-18,2426.04,664.02
2017-07-19,2429.94,671.53
2017-07-20,2441.84,676.51
2017-07-21,2450.06,676.6
2017-07-24,2451.53,677.32
2017-07-25,2439.9,670.47
2017-07-26,2434.51,667.22
2017-07-27,2443.24,666.48
2017-07-28,2400.99,652.95
2017-07-31,2402.71,650.47
2017-08-01,2422.96,653.12
2017-08-02,2427.63,657.52
2017-08-03,2386.85,643.09
2017-08-04,2395.45,641.58
2017-08-07,2398.75,648.39
2017-08-08,2394.73,651.67
2017-08-09,2368.39,642.87
2017-08-10,2359.47,640.04
2017-08-11,2319.71,628.34
2017-08-14,2334.22,629.37
2017-08-16,2348.26,634.91
2017-08-17,2361.67,642.11
2017-08-18,2358.37,643.58
2017-08-21,2355.0,640.85
2017-08-22,2365.33,644.26
2017-08-23,2366.4,643.71
2017-08-24,2375.84,647.71
2017-08-25,2378.51,650.27
2017-08-28,2370.3,652.92
2017-08-29,2364.74,653.96
2017-08-30,2372.29,655.0
2017-08-31,2363.19,657.83
2017-09-01,2357.69,661.99
2017-09-04,2329.65,650.89
2017-09-05,2326.62,648.75
2017-09-06,2319.82,652.59
2017-09-07,2346.19,658.48
2017-09-08,2343.72,654.29
2017-09-11,2359.08,656.53
2017-09-12,2365.47,660.05
2017-09-13,2360.18,659.09
2017-09-14,2377.66,665.41
2017-09-15,2386.07,671.3
2017-09-18,2418.21,675.87
2017-09-19,2416.05,674.48
2017-09-20,2412.2,668.05
2017-09-21,2406.5,661.11
2017-09-22,2388.71,648.95
2017-09-25,2380.4,642.04
2017-09-26,2374.32,642.4
2017-09-27,2372.57,649.24
2017-09-28,2373.14,648.09
2017-09-29,2394.47,652.82
2017-10-10,2433.81,654.59
2017-10-11,2458.16,662.31
2017-10-12,2474.76,666.54
2017-10-13,2473.62,663.08
2017-10-16,2480.05,659.41
2017-10-17,2484.37,670.51
2017-10-18,2482.91,668.42
2017-10-19,2473.06,667.1
2017-10-20,2489.54,672.95
2017-10-23,2490.05,675.86
2017-10-24,2490.49,687.21
2017-10-25,2492.5,689.14
2017-10-26,2480.63,680.61
2017-10-27,2496.63,689.97
2017-10-30,2501.93,689.68
2017-10-31,2523.43,694.2
2017-11-01,2556.47,695.77
2017-11-02,2546.36,694.96
2017-11-03,2557.97,701.13
2017-11-06,2549.41,703.79
2017-11-07,2545.44,701.14
2017-11-08,2552.4,709.11
2017-11-09,2550.57,709.94
2017-11-10,2542.95,720.79
2017-11-13,2530.35,741.38
2017-11-14,2526.64,756.46
2017-11-15,2518.25,768.03
2017-11-16,2534.79,780.22
2017-11-17,2533.99,775.85
2017-11-20,2527.67,785.32
2017-11-21,2530.7,789.38
2017-11-22,2540.51,780.9
2017-11-23,2537.15,796.8
2017-11-24,2544.33,792.74
2017-11-27,2507.81,792.8
2017-11-28,2514.19,773.12
2017-11-29,2512.9,781.72
2017-11-30,2476.37,771.42
2017-12-01,2475.41,787.7
2017-12-04,2501.67,782.45
2017-12-05,2510.12,774.12
2017-12-06,2474.37,768.39
2017-12-07,2461.98,753.46
2017-12-08,2464.0,744.06
2017-12-11,2471.49,764.09
2017-12-12,2461.0,760.4
2017-12-13,2480.55,772.22
2017-12-14,2469.48,770.35
2017-12-15,2482.07,771.82
2017-12-18,2481.88,770.5
2017-12-19,2478.53,766.18
2017-12-20,2472.37,755.27
2017-12-21,2429.83,740.32
2017-12-22,2440.54,761.2
2017-12-26,2427.34,762.21
2017-12-27,2436.67,791.95
2017-12-28,2467.49,798.42
2018-01-02,2479.65,812.45
2018-01-03,2486.35,822.31
2018-01-04,2466.46,808.01
2018-01-05,2497.52,828.03
2018-01-08,2513.28,839.51
2018-01-09,2510.23,829.99
2018-01-10,2499.75,834.91
2018-01-11,2487.91,852.51
2018-01-12,2496.42,873.05
2018-01-15,2503.73,891.61
2018-01-16,2521.74,901.23
2018-01-17,2515.43,886.58
2018-01-18,2515.81,898.19
2018-01-19,2520.26,879.99
2018-01-22,2502.11,873.09
2018-01-23,2536.6,894.43
2018-01-24,2538.0,894.77
2018-01-25,2562.23,898.6
2018-01-26,2574.76,913.12
2018-01-29,2598.19,927.05
2018-01-30,2567.74,920.96
2018-01-31,2566.46,913.57
2018-02-01,2568.54,908.2
2018-02-02,2525.39,899.47
2018-02-05,2491.75,858.22
2018-02-06,2453.31,858.17
2018-02-07,2396.56,829.96
2018-02-08,2407.62,861.94
2018-02-09,2363.77,842.6
2018-02-12,2385.38,843.24
2018-02-13,2395.19,829.39
2018-02-14,2421.83,848.03
2018-02-19,2442.82,875.81
2018-02-20,2415.12,864.41
2018-02-21,2429.65,875.58
2018-02-22,2414.28,870.22
2018-02-23,2451.52,874.78
2018-02-26,2457.65,874.43
2018-02-27,2456.14,874.01
2018-02-28,2427.36,857.06
2018-03-02,2402.16,860.23
2018-03-05,2375.06,845.0
2018-03-06,2411.41,859.21
2018-03-07,2401.82,841.03
2018-03-08,2433.08,853.94
2018-03-09,2459.45,865.8
2018-03-12,2484.12,884.27
2018-03-13,2494.49,886.25
2018-03-14,2486.08,886.92
2018-03-15,2492.38,890.43
2018-03-16,2493.97,894.43
2018-03-19,2475.03,880.97
2018-03-20,2485.52,890.4
2018-03-21,2484.97,885.55
2018-03-22,2496.02,871.62
2018-03-23,2416.76,829.68
2018-03-26,2437.08,853.69
2018-03-27,2452.06,858.84
2018-03-28,2419.29,850.97
2018-03-29,2436.37,865.99
2018-03-30,2445.85,871.09
2018-04-02,2444.16,867.8
2018-04-03,2442.43,872.32
2018-04-04,2408.06,862.51
2018-04-05,2437.52,868.93
2018-04-06,2429.58,867.96
2018-04-09,2444.08,874.44
2018-04-10,2450.74,877.3
2018-04-11,2444.22,885.38
2018-04-12,2442.71,881.45
2018-04-13,2455.07,891.87
2018-04-16,2457.49,896.89
2018-04-17,2453.77,901.22
2018-04-18,2479.98,893.32
2018-04-19,2486.1,882.73
2018-04-20,2476.33,889.17
2018-04-23,2474.11,879.02
2018-04-24,2464.14,873.61
2018-04-25,2448.81,869.93
2018-04-26,2475.64,879.39
2018-04-27,2492.4,886.49
2018-04-30,2515.38,875.95
2018-05-02,2505.61,871.03
2018-05-03,2487.25,866.07
2018-05-04,2461.38,856.34
2018-05-08,2449.81,827.22
2018-05-09,2443.98,850.85
2018-05-10,2464.16,854.93
2018-05-11,2477.71,865.93
2018-05-14,2476.11,858.7
2018-05-15,2458.54,862.94
2018-05-16,2459.82,850.29
2018-05-17,2448.45,855.62
2018-05-18,2460.65,869.45
2018-05-21,2465.57,872.96
2018-05-23,2471.91,869.16
2018-05-24,2466.01,873.32
2018-05-25,2460.8,868.35
2018-05-28,2478.96,879.69
2018-05-29,2457.25,870.08
2018-05-30,2409.03,874.22
2018-05-31,2423.01,879.66
2018-06-01,2438.96,883.22
2018-06-04,2447.76,877.44
2018-06-05,2453.76,877.16
2018-06-07,2470.58,887.91
2018-06-08,2451.58,878.48
2018-06-11,2470.15,876.55
2018-06-12,2468.83,875.04
2018-06-14,2423.48,864.56
2018-06-15,2404.04,866.22
2018-06-18,2376.24,840.23
2018-06-19,2340.11,815.39
2018-06-20,2363.91,840.17
2018-06-21,2337.83,826.22
2018-06-22,2357.22,830.27
2018-06-25,2357.88,836.0
2018-06-26,2350.92,831.4
2018-06-27,2342.03,826.69
2018-06-28,2314.24,810.2
2018-06-29,2326.13,818.22
2018-07-02,2271.54,789.82
2018-07-03,2272.76,795.71
2018-07-04,2265.46,799.1
2018-07-05,2257.55,794.05
2018-07-06,2272.87,808.89
2018-07-09,2285.8,808.28
2018-07-10,2294.16,813.19
2018-07-11,2280.62,804.78
2018-07-12,2285.06,819.29
2018-07-13,2310.9,827.89
2018-07-16,2301.99,825.71
2018-07-17,2297.92,819.72
2018-07-18,2290.11,810.44
2018-07-19,2282.29,796.49
2018-07-20,2289.19,791.61
2018-07-23,2269.31,756.96
2018-07-24,2280.2,761.57
2018-07-25,2273.03,748.89
2018-07-26,2289.06,765.15
2018-07-27,2294.99,773.98
2018-07-30,2293.51,769.8
2018-07-31,2295.26,775.52
2018-08-01,2307.07,790.25
2018-08-02,2270.2,781.38
2018-08-03,2287.68,788.81
2018-08-06,2286.5,781.41
2018-08-07,2300.16,784.7
2018-08-08,2301.45,783.81
2018-08-09,2303.71,789.48
2018-08-10,2282.79,784.81
2018-08-13,2248.45,755.65
2018-08-14,2258.91,761.94
2018-08-16,2240.8,761.18
2018-08-17,2247.05,772.3
2018-08-20,2247.88,769.78
2018-08-21,2270.06,787.15
2018-08-22,2273.33,785.95
2018-08-23,2282.6,791.28
2018-08-24,2293.21,798.23
2018-08-27,2299.3,801.04
2018-08-28,2303.12,798.17
2018-08-29,2309.03,803.18
2018-08-30,2307.35,804.47
2018-08-31,2322.88,816.97
2018-09-03,2307.03,816.84
2018-09-04,2315.72,827.27
2018-09-05,2291.77,820.0
2018-09-06,2287.61,815.18
2018-09-07,2281.58,818.86
2018-09-10,2288.66,816.16
2018-09-11,2283.2,820.23
2018-09-12,2282.92,826.33
2018-09-13,2286.23,830.95
2018-09-14,2318.25,834.91
2018-09-17,2303.01,828.88
2018-09-18,2308.98,831.85
2018-09-19,2308.46,826.91
2018-09-20,2323.45,821.13
2018-09-21,2339.17,827.84
2018-09-27,2355.43,833.01
2018-09-28,2343.07,822.27
2018-10-01,2338.88,816.53
2018-10-02,2309.57,794.99
2018-10-04,2274.49,789.0
2018-10-05,2267.52,773.7
2018-10-08,2253.83,767.15
2018-10-10,2228.61,747.5
2018-10-11,2129.67,707.38
2018-10-12,2161.85,731.5
2018-10-15,2145.12,718.87
2018-10-16,2145.12,731.5
2018-10-17,2167.51,739.15
2018-10-18,2148.31,731.34
2018-10-19,2156.26,740.48
2018-10-22,2161.71,744.15
2018-10-23,2106.1,719.0
2018-10-24,2097.58,699.3
2018-10-25,2063.3,686.84
2018-10-26,2027.15,663.07
2018-10-29,1996.05,629.7
2018-10-30,2014.69,644.14
2018-10-31,2029.69,648.67
2018-11-01,2024.46,657.46
2018-11-02,2096.0,690.65
2018-11-05,2076.92,691.94
2018-11-06,2089.62,691.55
2018-11-07,2078.69,682.37
2018-11-08,2092.63,693.67
2018-11-09,2086.09,687.29
2018-11-12,2080.44,670.82
2018-11-13,2071.23,670.85
2018-11-14,2068.05,671.56
2018-11-15,2088.06,681.38
2018-11-16,2092.4,690.18
2018-11-19,2100.56,702.13
2018-11-20,2082.58,690.81
2018-11-21,2076.55,695.72
2018-11-22,2069.95,692.39
2018-11-23,2057.48,683.06
2018-11-26,2083.02,695.36
2018-11-27,2099.42,700.67
2018-11-28,2108.22,700.12
2018-11-29,2114.1,695.48
2018-11-30,2096.86,695.76
2018-12-03,2131.93,709.46
2018-12-04,2114.35,708.63
2018-12-05,2101.31,701.12
2018-12-06,2068.69,678.38
2018-12-07,2075.76,685.33
2018-12-10,2053.79,670.39
2018-12-11,2052.97,661.01
2018-12-12,2082.57,676.48
2018-12-13,2095.55,681.78
2018-12-14,2069.38,666.34
2018-12-17,2071.09,661.9
2018-12-18,2062.11,659.67
2018-12-19,2078.84,672.08
2018-12-20,2060.12,668.13
2018-12-21,2061.49,673.64
2018-12-24,2055.01,669.79
2018-12-26,2028.01,665.74
2018-12-27,2028.44,667.88
2018-12-28,2041.04,675.65
2019-01-02,2010.0,669.37
2019-01-03,1993.7,657.02
2019-01-04,2010.25,664.49
2019-01-07,2037.1,672.84
2019-01-08,2025.27,668.49
2019-01-09,2064.71,679.74
2019-01-10,2063.28,683.34
2019-01-11,2075.57,686.33
2019-01-14,2064.52,683.09
2019-01-15,2097.18,690.39
2019-01-16,2106.1,693.38
2019-01-17,2107.06,686.35
2019-01-18,2124.28,696.34
2019-01-21,2124.61,695.62
2019-01-22,2117.77,694.55
2019-01-23,2127.78,695.63
2019-01-24,2145.03,704.41
2019-01-25,2177.73,711.38
2019-01-28,2177.3,714.26
2019-01-29,2183.36,710.99
2019-01-30,2206.2,715.3
2019-01-31,2204.85,716.86
2019-02-01,2203.46,716.92
2019-02-07,2203.42,728.79
2019-02-08,2177.05,728.74
2019-02-11,2180.73,733.47
2019-02-12,2190.47,730.58
2019-02-13,2201.48,739.91
2019-02-14,2225.85,742.27
2019-02-15,2196.09,738.66
2019-02-18,2210.89,745.33
2019-02-19,2205.63,748.05
2019-02-20,2229.76,750.69
2019-02-21,2228.66,747.33
2019-02-22,2230.5,743.38
2019-02-25,2232.56,750.4
2019-02-26,2226.6,747.09
2019-02-27,2234.79,752.16
2019-02-28,2195.44,731.25
2019-03-04,2190.66,748.07
2019-03-05,2179.23,747.95
2019-03-06,2175.6,746.7
2019-03-07,2165.79,736.83
2019-03-08,2137.44,735.97
2019-03-11,2138.1,739.09
2019-03-12,2157.18,754.76
2019-03-13,2148.41,754.89
2019-03-14,2155.68,755.42
2019-03-15,2176.11,748.36
2019-03-18,2179.49,753.13
2019-03-19,2177.62,748.91
2019-03-20,2177.1,749.76
2019-03-21,2184.88,743.52
2019-03-22,2186.95,743.97
2019-03-25,2144.86,727.21
2019-03-26,2148.8,736.81
2019-03-27,2145.62,728.45
2019-03-28,2128.1,719.72
2019-03-29,2140.67,729.31
2019-04-01,2168.28,736.81
2019-04-02,2177.18,739.57
2019-04-03,2203.27,749.3
2019-04-04,2206.53,751.58
2019-04-05,2209.61,751.71
2019-04-08,2210.6,751.92
2019-04-09,2213.56,756.81
2019-04-10,2224.39,760.15
2019-04-11,2224.44,766.49
2019-04-12,2233.45,767.85
2019-04-15,2242.88,766.75
2019-04-16,2248.63,765.02
2019-04-17,2245.89,766.89
2019-04-18,2213.77,753.52
2019-04-19,2216.15,762.57
2019-04-22,2216.65,762.01
2019-04-23,2220.51,761.42
2019-04-24,2201.03,757.82
2019-04-25,2190.5,750.43
2019-04-26,2179.31,741.0
2019-04-29,2216.43,750.6
2019-04-30,2203.59,754.74
2019-05-02,2212.75,760.38
2019-05-03,2196.32,761.82
2019-05-07,2176.99,753.45
2019-05-08,2168.01,745.37
2019-05-09,2102.01,724.22
2019-05-10,2108.04,722.62
2019-05-13,2079.01,708.8
2019-05-14,2081.84,710.16
2019-05-15,2092.78,729.6
2019-05-16,2067.69,717.59
2019-05-17,2055.8,714.13
2019-05-20,2055.71,702.08
2019-05-21,2061.25,703.98
2019-05-22,2064.86,706.93
2019-05-23,2059.59,696.89
2019-05-24,2045.31,690.03
2019-05-27,2044.21,689.67
2019-05-28,2048.83,702.76
2019-05-29,2023.32,691.47
2019-05-30,2038.8,689.33
2019-05-31,2041.74,696.47
2019-06-03,2067.85,697.5
2019-06-04,2066.97,702.53
2019-06-05,2069.11,707.75
2019-06-07,2072.33,716.53
2019-06-10,2099.49,721.14
2019-06-11,2111.81,728.79
2019-06-12,2108.75,724.32
2019-06-13,2103.15,726.68
2019-06-14,2095.41,722.25
2019-06-17,2090.73,719.13
2019-06-18,2098.71,714.86
2019-06-19,2124.78,717.71
2019-06-20,2131.29,727.32
2019-06-21,2125.62,722.64
2019-06-24,2126.33,717.69
2019-06-25,2121.64,710.02
2019-06-26,2121.85,709.37
2019-06-27,2134.32,698.21
2019-06-28,2130.62,690.53
2019-07-01,2129.74,696.0
2019-07-02,2122.02,696.25
2019-07-03,2096.02,693.04
2019-07-04,2108.73,691.27
2019-07-05,2110.59,694.17
2019-07-08,2064.17,668.72
2019-07-09,2052.03,657.8
2019-07-10,2058.78,666.9
2019-07-11,2080.58,677.09
2019-07-12,2086.66,681.17
2019-07-15,2082.48,674.79
2019-07-16,2091.87,674.42
2019-07-17,2072.92,666.28
2019-07-18,2066.55,665.15
2019-07-19,2094.36,674.06
2019-07-22,2093.34,674.78
2019-07-23,2101.45,668.65
2019-07-24,2082.3,659.83
2019-07-25,2074.48,652.4
2019-07-26,2066.26,644.59
2019-07-29,2029.48,618.78
2019-07-30,2038.68,625.64
2019-07-31,2024.55,630.18
2019-08-01,2017.34,622.26
2019-08-02,1998.13,615.7
2019-08-05,1946.98,569.79
2019-08-06,1917.5,551.5
2019-08-07,1909.71,564.64
2019-08-08,1920.61,585.44
2019-08-09,1937.75,590.04
2019-08-12,1942.29,594.17
2019-08-13,1925.83,590.75
2019-08-14,1938.37,597.15
2019-08-16,1927.17,591.57
2019-08-19,1939.9,594.65
2019-08-20,1960.25,607.01
2019-08-21,1964.65,615.96
2019-08-22,1951.01,612.25
2019-08-23,1948.3,608.98
2019-08-26,1916.31,582.91
2019-08-27,1924.6,588.32
2019-08-28,1941.09,602.9
2019-08-29,1933.41,599.57
2019-08-30,1967.79,610.55
2019-09-02,1969.19,619.81
2019-09-03,1965.69,620.02
2019-09-04,1988.53,629.31
2019-09-05,2004.75,632.99
2019-09-06,2009.13,631.15
2019-09-09,2019.55,625.77
2019-09-10,2032.08,623.25
2019-09-11,2049.2,630.37
2019-09-16,2062.22,638.59
2019-09-17,2062.33,644.28
2019-09-18,2070.73,645.12
2019-09-19,2080.35,645.71
2019-09-20,2091.52,649.07
2019-09-23,2091.7,645.01
2019-09-24,2101.04,641.85
2019-09-25,2073.39,626.76
2019-09-26,2074.52,628.42
2019-09-27,2049.93,626.93
2019-09-30,2063.05,621.76
2019-10-01,2072.42,632.1
2019-10-02,2031.91,624.51
2019-10-04,2020.69,621.84
2019-10-07,2021.73,627.21
2019-10-08,2046.25,635.41
2019-10-10,2028.15,634.73
2019-10-11,2044.61,632.95
2019-10-14,2067.4,641.46
2019-10-15,2068.17,646.8
2019-10-16,2082.83,651.96
2019-10-17,2077.94,649.29
2019-10-18,2060.69,646.69
2019-10-21,2064.84,649.18
2019-10-22,2088.86,655.91
2019-10-23,2080.62,658.98
2019-10-24,2085.66,658.75
2019-10-25,2087.89,652.37
2019-10-28,2093.6,652.42
2019-10-29,2092.69,658.3
2019-10-30,2080.27,655.04
2019-10-31,2083.48,658.52
2019-11-01,2100.2,662.34
2019-11-04,2130.24,668.45
2019-11-05,2142.64,672.18
2019-11-06,2144.15,669.68
2019-11-07,2144.29,666.15
2019-11-08,2137.23,664.6
2019-11-11,2124.09,661.37
2019-11-12,2140.92,665.14
2019-11-13,2122.45,661.85
2019-11-14,2139.23,663.31
2019-11-15,2162.18,668.51
2019-11-18,2160.69,669.34
2019-11-19,2153.24,662.53
2019-11-20,2125.32,649.87
2019-11-21,2096.6,635.99
2019-11-22,2101.96,633.92
2019-11-25,2123.5,647.4
2019-11-26,2121.35,651.59
2019-11-27,2127.85,647.39
2019-11-28,2118.6,640.18
2019-11-29,2087.96,632.99
2019-12-02,2091.92,634.5
2019-12-03,2084.07,629.58
2019-12-04,2068.89,625.27
2019-12-05,2060.74,617.6
2019-12-06,2081.85,628.1
2019-12-09,2088.65,627.86
2019-12-10,2098.0,627.11
2019-12-11,2105.62,629.13
2019-12-12,2137.35,636.94
2019-12-13,2170.25,643.45
2019-12-16,2168.15,644.44
2019-12-17,2195.68,650.58
2019-12-18,2194.76,648.95
2019-12-19,2196.56,647.85
2019-12-20,2204.18,649.73
2019-12-23,2203.71,647.62
2019-12-24,2190.08,638.91
2019-12-26,2197.93,652.07
2019-12-27,2204.21,661.24
2019-12-30,2197.67,669.83
2020-01-02,2175.17,674.02
2020-01-03,2176.46,669.93
2020-01-06,2155.07,655.31
2020-01-07,2175.54,663.44
2020-01-08,2151.31,640.94
2020-01-09,2186.45,666.09
2020-01-10,2206.39,673.03
2020-01-13,2229.26,679.22
2020-01-14,2238.88,678.71
2020-01-15,2230.98,679.16
2020-01-16,2248.05,686.52
2020-01-17,2250.57,688.41
2020-01-20,2262.64,683.47
2020-01-21,2239.69,676.52
2020-01-22,2267.25,688.25
2020-01-23,2246.13,685.57
2020-01-28,2176.72,664.7
2020-01-29,2185.28,670.18
2020-01-30,2148.0,656.39
2020-01-31,2119.01,642.48
2020-02-03,2118.88,646.85
2020-02-04,2157.9,661.24
2020-02-05,2165.63,661.32
2020-02-06,2227.94,672.69
2020-02-07,2211.95,672.63
2020-02-10,2201.07,676.07
2020-02-11,2223.12,682.34
2020-02-12,2238.38,686.59
2020-02-13,2232.96,687.61
2020-02-14,2243.59,688.91
2020-02-17,2242.17,692.59
2020-02-18,2208.88,682.92
2020-02-19,2210.34,684.78
2020-02-20,2195.5,681.66
2020-02-21,2162.84,667.99
2020-02-24,2079.04,639.29
2020-02-25,2103.61,656.95
2020-02-26,2076.77,654.63
2020-02-27,2054.89,638.17
2020-02-28,1987.01,610.73
2020-03-02,2002.51,627.66
2020-03-03,2014.15,626.82
2020-03-04,2059.33,641.73
2020-03-05,2085.26,650.19
2020-03-06,2040.22,642.72
2020-03-09,1954.77,614.6
2020-03-10,1962.93,619.97
2020-03-11,1908.27,595.61
2020-03-12,1834.33,563.49
2020-03-13,1771.44,524.0
2020-03-16,1714.86,504.51
2020-03-17,1672.44,514.73
2020-03-18,1591.2,485.14
2020-03-19,1457.64,428.35
2020-03-20,1566.15,467.75
2020-03-23,1482.46,443.76
2020-03-24,1609.97,480.4
2020-03-25,1704.76,505.68
2020-03-26,1686.24,516.61
2020-03-27,1717.73,522.83
2020-03-30,1717.12,542.11
2020-03-31,1754.64,569.07
2020-04-01,1685.46,551.84
2020-04-02,1724.86,567.7
2020-04-03,1725.44,573.01
2020-04-06,1791.88,597.21
2020-04-07,1823.6,606.9
2020-04-08,1807.14,607.37
2020-04-09,1836.21,615.95
2020-04-10,1860.7,611.26
2020-04-13,1825.76,596.71
2020-04-14,1857.08,610.29
2020-04-16,1857.07,623.43
2020-04-17,1914.53,634.79
2020-04-20,1898.36,637.82
2020-04-21,1879.38,628.77
2020-04-22,1896.15,635.16
2020-04-23,1914.73,643.79
2020-04-24,1889.01,632.96
2020-04-27,1922.77,646.86
2020-04-28,1934.09,644.93
2020-04-29,1947.56,645.18
2020-05-04,1895.37,641.91
2020-05-06,1928.76,658.4
2020-05-07,1928.61,668.17
2020-05-08,1945.82,682.3
2020-05-11,1935.4,685.04
2020-05-12,1922.17,684.21
2020-05-13,1940.42,691.53
2020-05-14,1924.96,690.57
2020-05-15,1927.28,691.93
2020-05-18,1937.11,690.85
2020-05-19,1980.61,696.36
2020-05-20,1989.64,708.76
2020-05-21,1998.31,716.02
2020-05-22,1970.13,708.58
2020-05-25,1994.6,719.89
2020-05-26,2029.78,729.11
2020-05-27,2031.2,724.59
2020-05-28,2028.54,708.75
2020-05-29,2029.6,713.68
2020-06-01,2065.08,735.72
2020-06-02,2087.19,743.58
2020-06-03,2147.0,737.66
2020-06-04,2151.18,742.37
2020-06-05,2181.87,749.31
2020-06-08,2184.29,753.04
2020-06-09,2188.92,753.82
2020-06-10,2195.69,758.62
2020-06-11,2176.78,757.06
2020-06-12,2132.3,746.06
2020-06-15,2030.82,693.15
2020-06-16,2138.05,735.38
2020-06-17,2141.05,735.4
2020-06-18,2133.48,737.33
2020-06-19,2141.32,742.03
2020-06-22,2126.73,751.64
2020-06-23,2131.24,753.23
2020-06-24,2161.51,759.5
2020-06-25,2112.37,750.36
2020-06-26,2134.65,750.58
2020-06-29,2093.48,734.69
2020-06-30,2108.33,737.97
2020-07-01,2106.7,727.58
2020-07-02,2135.37,742.55
2020-07-03,2152.41,752.18
2020-07-06,2187.93,759.9
2020-07-07,2164.17,759.16
2020-07-08,2158.88,765.96
2020-07-09,2167.9,772.9
2020-07-10,2150.25,772.81
2020-07-13,2186.06,781.19
2020-07-14,2183.61,778.39
2020-07-15,2201.88,781.29
2020-07-16,2183.76,775.07
2020-07-17,2201.19,783.22
2020-07-20,2198.2,781.96
2020-07-21,2228.83,790.58
2020-07-22,2228.66,794.99
2020-07-23,2216.19,801.69
2020-07-24,2200.44,794.8
2020-07-27,2217.86,801.23
2020-07-28,2256.99,807.85
2020-07-29,2263.16,808.59
2020-07-30,2267.01,814.19
2020-07-31,2249.37,815.3
2020-08-03,2251.04,827.57
2020-08-04,2279.97,835.35
2020-08-05,2311.86,847.28
2020-08-06,2342.61,854.12
2020-08-07,2351.67,857.63
2020-08-10,2386.38,862.76
2020-08-11,2418.67,860.23
2020-08-12,2432.35,845.6
2020-08-13,2437.53,854.77
2020-08-14,2407.49,835.03
2020-08-18,2348.24,800.22
2020-08-19,2360.54,818.74
2020-08-20,2274.22,791.14
2020-08-21,2304.59,796.01
2020-08-24,2329.83,815.74
2020-08-25,2366.73,836.31
2020-08-26,2369.32,841.35
2020-08-27,2344.45,836.4
2020-08-28,2353.8,841.3
2020-08-31,2326.17,848.24
2020-09-01,2349.55,853.37
2020-09-02,2364.37,866.74
2020-09-03,2395.9,874.13
2020-09-04,2368.25,866.04
2020-09-07,2384.22,878.88
2020-09-08,2401.91,878.29
2020-09-09,2375.81,869.47
2020-09-10,2396.48,884.3
2020-09-11,2396.69,888.44
2020-09-14,2427.91,894.17
2020-09-15,2443.58,899.46
2020-09-16,2435.92,896.28
2020-09-17,2406.17,885.18
2020-09-18,2412.4,888.88
2020-09-21,2389.39,866.99
2020-09-22,2332.59,842.72
2020-09-23,2333.24,843.45
2020-09-24,2272.7,806.95
2020-09-25,2278.79,808.28
2020-09-28,2308.08,835.91
2020-09-29,2327.89,848.15
2020-10-05,2358.0,858.39
2020-10-06,2365.9,862.58
2020-10-07,2386.94,869.66
2020-10-08,2391.96,871.62
2020-10-12,2403.73,873.5
2020-10-13,2403.15,871.92
2020-10-14,2380.48,861.48
2020-10-15,2361.21,844.44
2020-10-16,2341.53,833.84
2020-10-19,2346.74,822.25
2020-10-20,2358.41,824.65
2020-10-21,2370.86,830.67
2020-10-22,2355.05,812.7
2020-10-23,2360.81,807.98
2020-10-26,2343.91,778.02
2020-10-27,2330.84,783.73
2020-10-28,2345.26,806.2
2020-10-29,2326.67,813.93
2020-10-30,2267.15,792.65
2020-11-02,2300.16,802.95
2020-11-03,2343.31,818.46
2020-11-04,2357.32,826.97
2020-11-05,2413.79,844.8
2020-11-06,2416.5,836.78
2020-11-09,2447.2,851.21
2020-11-10,2452.83,840.79
2020-11-11,2485.87,839.9
2020-11-12,2475.62,840.08
2020-11-13,2493.87,839.14
2020-11-16,2543.03,847.33
2020-11-17,2539.15,839.47
2020-11-18,2545.64,851.74
2020-11-19,2547.42,859.94
2020-11-20,2553.5,870.18
2020-11-23,2602.59,873.29
2020-11-24,2617.76,872.1
2020-11-25,2601.54,865.12
2020-11-26,2625.91,874.53
2020-11-27,2633.45,885.56
2020-11-30,2591.34,886.11
2020-12-01,2634.25,891.29
2020-12-02,2675.9,899.34
2020-12-03,2696.22,907.61
2020-12-04,2731.45,913.76
2020-12-07,2745.44,926.88
2020-12-08,2700.93,906.84
2020-12-09,2755.47,913.81
2020-12-10,2746.46,921.7
2020-12-11,2770.06,928.44
2020-12-14,2762.2,929.54
2020-12-15,2756.82,931.27
2020-12-16,2771.79,939.65
2020-12-17,2770.43,944.04
2020-12-18,2772.18,947.24
2020-12-21,2778.65,953.58
2020-12-22,2733.68,928.73
2020-12-23,2759.82,923.17
2020-12-24,2806.86,928.68
2020-12-28,2808.6,927.0
2020-12-29,2820.51,957.41
2020-12-30,2873.47,968.42
2021-01-04,2944.45,977.62
2021-01-05,2990.57,985.76
2021-01-06,2968.21,981.39
2021-01-07,3031.68,988.86
2021-01-08,3152.18,987.79
2021-01-11,3148.45,976.63
2021-01-12,3125.95,973.72
2021-01-13,3148.29,979.13
2021-01-14,3149.93,980.29
2021-01-15,3085.9,964.44
2021-01-18,3013.93,944.67
2021-01-19,3092.66,957.75
2021-01-20,3114.55,977.66
2021-01-21,3160.84,981.4
2021-01-22,3140.63,979.98
2021-01-25,3208.99,999.3
2021-01-26,3140.31,994.0
2021-01-27,3122.56,985.92
2021-01-28,3069.05,961.23
2021-01-29,2976.21,928.73
2021-02-01,3056.53,956.92
2021-02-02,3096.81,963.81
2021-02-03,3129.68,970.69
2021-02-04,3087.55,964.58
2021-02-05,3120.63,967.42
2021-02-08,3091.24,960.78
2021-02-09,3084.67,957.85
2021-02-10,3100.58,964.31
2021-02-15,3147.0,981.97
2021-02-16,3163.25,977.74
2021-02-17,3133.73,979.77
2021-02-18,3086.66,967.42
2021-02-19,3107.62,965.11
2021-02-22,3079.75,954.29
2021-02-23,3070.09,936.6
2021-02-24,2994.98,906.31
2021-02-25,3099.69,936.21
2021-02-26,3012.95,913.94
2021-03-02,3043.87,923.17
2021-03-03,3082.99,930.8
2021-03-04,3043.49,926.2
2021-03-05,3026.26,923.48
2021-03-08,2996.11,904.77
2021-03-09,2976.12,896.36
2021-03-10,2958.12,890.07
2021-03-11,3013.7,908.01
2021-03-12,3054.39,925.49
2021-03-15,3045.71,926.9
2021-03-16,3067.17,940.65
2021-03-17,3047.5,943.78
2021-03-18,3066.01,949.83
2021-03-19,3039.53,952.11
2021-03-22,3035.46,955.38
2021-03-23,3004.74,946.31
2021-03-24,2996.35,953.82
2021-03-25,3008.33,954.99
2021-03-26,3041.01,956.7
2021-03-29,3036.04,954.1
2021-03-30,3070.0,958.06
2021-03-31,3061.42,956.17
2021-04-01,3087.4,965.78
2021-04-02,3112.8,970.09
2021-04-05,3120.83,969.77
2021-04-06,3127.08,968.63
2021-04-07,3137.41,973.22
2021-04-08,3143.26,982.02
2021-04-09,3131.88,989.39
2021-04-12,3135.59,1000.65
2021-04-13,3169.08,1010.37
2021-04-14,3182.38,1014.42
2021-04-15,3194.33,1013.9
2021-04-16,3198.62,1021.62
2021-04-19,3198.84,1029.46
2021-04-20,3220.7,1031.88
2021-04-21,3171.66,1022.22
2021-04-22,3177.52,1025.71
2021-04-23,3186.1,1026.82
2021-04-26,3217.53,1030.06
2021-04-27,3215.42,1021.01
2021-04-28,3181.47,998.27
2021-04-29,3174.07,990.69
2021-04-30,3147.86,983.45
2021-05-03,3127.2,961.81
2021-05-04,3147.37,967.2
2021-05-06,3178.74,969.99
2021-05-07,3197.2,978.3
2021-05-10,3249.3,992.8
2021-05-11,3209.43,978.61
2021-05-12,3161.66,967.1
2021-05-13,3122.11,951.77
2021-05-14,3153.32,966.72
2021-05-17,3134.52,962.5
2021-05-18,3173.05,969.1
2021-05-20,3162.28,971.13
2021-05-21,3156.42,965.63
2021-05-24,3144.3,948.37
2021-05-25,3171.32,962.07
2021-05-26,3168.43,966.06
2021-05-27,3165.51,974.08
2021-05-28,3188.73,977.46
2021-05-31,3203.92,981.78
2021-06-01,3221.87,984.59
2021-06-02,3224.23,981.1
2021-06-03,3247.43,990.19
2021-06-04,3240.08,987.58
2021-06-07,3252.12,985.86
2021-06-08,3247.83,986.12
2021-06-09,3216.18,978.79
2021-06-10,3224.64,987.77
2021-06-11,3249.32,991.13
2021-06-14,3252.13,997.41
2021-06-15,3258.63,997.37
2021-06-16,3278.68,998.49
2021-06-17,3264.96,1003.72
2021-06-18,3267.93,1015.88
2021-06-21,3240.79,1010.99
2021-06-22,3263.88,1011.56
2021-06-23,3276.19,1016.46
2021-06-24,3286.1,1012.62
2021-06-25,3302.84,1012.13
2021-06-28,3301.89,1017.91
2021-06-29,3286.68,1022.52
2021-06-30,3296.68,1029.96
2021-07-01,3282.06,1035.64
2021-07-02,3281.78,1038.18
2021-07-05,3293.21,1047.33
2021-07-06,3305.21,1044.96
2021-07-07,3285.34,1047.36
2021-07-08,3252.68,1034.48
2021-07-09,3217.95,1028.93
2021-07-12,3246.47,1034.64
2021-07-13,3271.38,1043.31
2021-07-14,3264.81,1044.98
2021-07-15,3286.22,1054.31
2021-07-16,3276.91,1051.98
2021-07-19,3244.04,1049.83
2021-07-20,3232.7,1043.64
2021-07-21,3215.91,1042.03
2021-07-22,3250.21,1050.25
2021-07-23,3254.42,1055.5
2021-07-26,3224.95,1047.63
2021-07-27,3232.53,1046.55
2021-07-28,3236.86,1035.68
2021-07-29,3242.65,1044.13
2021-07-30,3202.32,1031.14
2021-08-02,3223.04,1037.8
2021-08-03,3237.14,1036.11
2021-08-04,3280.38,1047.93
2021-08-05,3276.13,1059.54
2021-08-06,3270.36,1059.8
2021-08-09,3260.42,1060.0
2021-08-10,3243.19,1052.07
2021-08-11,3220.62,1051.92
2021-08-12,3208.38,1054.09
2021-08-13,3171.29,1040.78
2021-08-17,3143.09,1011.05
2021-08-18,3158.93,1021.08
2021-08-19,3097.83,991.15
2021-08-20,3060.51,967.9
2021-08-23,3090.21,993.18
2021-08-24,3138.3,1013.18
2021-08-25,3146.81,1017.78
2021-08-26,3128.53,1020.44
2021-08-27,3133.9,1023.51
2021-08-30,3144.19,1031.84
2021-08-31,3199.27,1038.33
2021-09-01,3207.02,1045.98
2021-09-02,3175.85,1047.19
2021-09-03,3201.06,1053.85
2021-09-06,3203.33,1052.96
2021-09-07,3187.42,1054.43
2021-09-08,3162.99,1037.22
2021-09-09,3114.7,1034.62
2021-09-10,3125.76,1037.91
2021-09-13,3127.86,1026.34
2021-09-14,3148.83,1037.74
2021-09-15,3153.4,1042.79
2021-09-16,3130.09,1039.43
2021-09-17,3140.51,1046.12
2021-09-23,3127.58,1036.26
2021-09-24,3125.24,1037.03
2021-09-27,3133.64,1034.82
2021-09-28,3097.92,1012.51
2021-09-29,3060.27,1001.46
2021-09-30,3068.82,1003.27
2021-10-01,3019.18,983.2
2021-10-05,2962.17,955.37
2021-10-06,2908.31,922.36
2021-10-07,2959.46,953.43
2021-10-08,2956.3,953.11
2021-10-12,2916.38,940.15
2021-10-13,2944.41,953.47
2021-10-14,2988.64,983.43
2021-10-15,3015.06,990.54
2021-10-18,3006.68,993.86
2021-10-19,3029.04,1005.35
2021-10-20,3013.13,1001.62
2021-10-21,3007.33,993.7
2021-10-22,3006.16,995.07
2021-10-25,3020.54,994.31
2021-10-26,3049.08,1011.76
2021-10-27,3025.49,1008.95
2021-10-28,3009.55,1000.13
2021-10-29,2970.68,992.33
2021-11-01,2978.94,998.57
2021-11-02,3013.49,1009.44
2021-11-03,2975.71,1005.0
2021-11-04,2983.22,1001.43
2021-11-05,2969.27,1001.35
2021-11-08,2960.2,1002.5
2021-11-09,2962.46,1008.68
2021-11-10,2930.17,987.75
2021-11-11,2924.92,992.65
2021-11-12,2968.8,1009.07
2021-11-15,2999.52,1029.03
2021-11-16,2997.21,1035.46
2021-11-17,2962.42,1031.26
2021-11-18,2947.38,1032.77
2021-11-19,2971.02,1041.92
2021-11-22,3013.25,1032.31
2021-11-23,2997.33,1013.72
2021-11-24,2994.29,1020.13
2021-11-25,2980.27,1015.66
2021-11-26,2936.44,1005.89
2021-11-29,2909.32,992.34
2021-11-30,2839.01,965.63
2021-12-01,2899.72,977.15
2021-12-02,2945.27,977.43
2021-12-03,2968.33,998.47
2021-12-06,2973.25,991.87
2021-12-07,2991.72,996.64
2021-12-08,3001.8,1006.04
2021-12-09,3029.57,1022.87
2021-12-10,3010.23,1011.57
2021-12-13,3001.66,1005.96
2021-12-14,2987.95,1002.81
2021-12-15,2989.39,1003.52
2021-12-16,3006.41,1007.86
2021-12-17,3017.73,1001.26
2021-12-20,2963.0,990.51
2021-12-21,2975.03,996.6
2021-12-22,2984.48,1000.13
2021-12-23,2998.17,1003.31
2021-12-24,3012.43,1007.42
2021-12-27,2999.55,1011.36
2021-12-28,3020.24,1027.44
2021-12-29,2993.29,1028.05
2021-12-30,2977.65,1033.98
2022-01-03,2988.77,1037.83
2022-01-04,2989.24,1031.66
2022-01-05,2953.97,1009.62
2022-01-06,2920.53,980.3
2022-01-07,2954.89,995.16
2022-01-10,2926.72,980.38
2022-01-11,2927.38,969.92
2022-01-12,2972.48,991.33
2022-01-13,2962.09,983.25
2022-01-14,2921.92,971.39
2022-01-17,2890.1,957.9
2022-01-18,2864.24,943.94
2022-01-19,2842.28,933.9
2022-01-20,2862.68,958.7
2022-01-21,2834.29,942.85
2022-01-24,2792.0,915.4
2022-01-25,2720.39,889.44
2022-01-26,2709.24,882.09
2022-01-27,2614.49,849.23
2022-01-28,2663.34,872.87
2022-02-03,2707.82,891.6
2022-02-04,2750.26,902.87
2022-02-07,2745.06,899.4
2022-02-08,2746.47,895.27
2022-02-09,2768.85,910.53
2022-02-10,2771.93,895.68
2022-02-11,2747.71,877.42
2022-02-14,2704.48,852.79
2022-02-15,2676.54,839.92
2022-02-16,2729.68,878.15
2022-02-17,2744.09,874.22
2022-02-18,2744.52,881.71
2022-02-21,2743.8,884.25
2022-02-22,2706.79,868.11
2022-02-23,2719.53,877.33
2022-02-24,2648.8,848.21
2022-02-25,2676.76,872.98
2022-02-28,2699.18,881.07
2022-03-02,2703.52,895.45
2022-03-03,2747.08,912.32
2022-03-04,2713.43,900.96
2022-03-07,2651.31,881.54
2022-03-08,2622.4,870.14
2022-03-10,2680.32,889.08
2022-03-11,2661.28,891.71
2022-03-14,2645.65,872.44
2022-03-15,2621.53,871.22
2022-03-16,2659.23,891.8
2022-03-17,2694.51,914.13
2022-03-18,2707.02,922.96
2022-03-21,2686.05,918.4
2022-03-22,2710.0,924.67
2022-03-23,2735.05,930.57
2022-03-24,2729.66,931.75
2022-03-25,2729.98,934.69
2022-03-28,2729.56,927.11
2022-03-29,2741.07,937.83
2022-03-30,2746.74,939.07
2022-03-31,2757.65,944.53
2022-04-01,2739.85,940.57
2022-04-04,2757.9,947.32
2022-04-05,2759.2,952.47
2022-04-06,2735.03,943.13
2022-04-07,2695.86,927.95
2022-04-08,2700.39,934.73
2022-04-11,2693.1,921.83
2022-04-12,2666.76,913.82
2022-04-13,2716.49,927.31
2022-04-14,2716.71,928.01
2022-04-15,2696.06,924.44
2022-04-18,2693.21,918.23
2022-04-19,2718.89,931.56
2022-04-20,2718.69,928.93
2022-04-21,2728.21,929.68
2022-04-22,2704.71,922.78
2022-04-25,2657.13,899.84
2022-04-26,2668.31,911.16
2022-04-27,2639.06,896.18
2022-04-28,2667.49,892.22
2022-04-29,2695.05,904.75
2022-05-02,2687.45,901.82
2022-05-03,2680.46,907.57
2022-05-04,2677.57,900.06
2022-05-06,2644.51,884.22
2022-05-09,2610.81,860.84
2022-05-10,2596.56,856.14
2022-05-11,2592.27,866.34
2022-05-12,2550.08,833.66
2022-05-13,2604.24,853.08
2022-05-16,2596.58,856.25
2022-05-17,2620.44,865.98
2022-05-18,2625.98,871.57
2022-05-19,2592.34,863.8
2022-05-20,2639.29,879.88
2022-05-23,2647.38,883.59
2022-05-24,2605.87,865.07
2022-05-25,2617.22,872.69
2022-05-26,2612.45,871.43
2022-05-27,2638.05,873.97
2022-05-30,2669.66,886.44
2022-05-31,2685.9,893.36
2022-06-02,2658.99,891.14
2022-06-03,2670.65,891.51
2022-06-07,2626.34,873.78
2022-06-08,2626.15,874.95
2022-06-09,2625.44,877.18
2022-06-10,2595.87,869.86
2022-06-13,2504.51,828.77
2022-06-14,2492.97,823.58
2022-06-15,2447.38,799.41
2022-06-16,2451.41,802.15
2022-06-17,2440.93,798.69
2022-06-20,2391.03,769.92
2022-06-21,2408.93,778.3
2022-06-22,2342.81,746.96
2022-06-23,2314.32,714.38
2022-06-24,2366.6,750.3
2022-06-27,2401.92,770.6
2022-06-28,2422.09,769.51
2022-06-29,2377.99,762.35
2022-06-30,2332.64,745.44
2022-07-01,2305.42,729.48
2022-07-04,2300.34,722.73
2022-07-05,2341.78,750.95
2022-07-06,2292.01,744.63
2022-07-07,2334.27,757.97
2022-07-08,2350.61,766.48
2022-07-11,2340.27,767.04
2022-07-12,2317.76,750.78
2022-07-13,2328.61,763.18
2022-07-14,2322.32,766.08
2022-07-15,2330.98,762.39
2022-07-18,2375.25,776.72
2022-07-19,2370.97,782.33
2022-07-20,2386.85,790.72
2022-07-21,2409.16,795.15
2022-07-22,2393.14,789.75
2022-07-25,2403.69,789.69
2022-07-26,2412.96,789.93
2022-07-27,2415.53,795.7
2022-07-28,2435.27,798.32
2022-07-29,2451.5,803.62
2022-08-01,2452.25,807.61
2022-08-02,2439.62,804.34
2022-08-03,2461.45,815.36
2022-08-04,2473.11,825.16
2022-08-05,2490.8,831.64
2022-08-08,2493.1,830.86
2022-08-09,2503.46,833.65
2022-08-10,2480.88,820.27
2022-08-11,2523.78,832.15
2022-08-12,2527.94,831.63
2022-08-16,2533.52,834.74
2022-08-17,2516.47,827.42
2022-08-18,2508.05,826.06
2022-08-19,2492.69,814.17
2022-08-22,2462.5,795.87
2022-08-23,2435.34,783.42
2022-08-24,2447.45,793.14
2022-08-25,2477.26,807.37
2022-08-26,2481.03,802.45
2022-08-29,2426.89,779.89
2022-08-30,2450.93,797.02
2022-08-31,2472.05,807.04
2022-09-01,2415.61,788.32
2022-09-02,2409.41,785.88
2022-09-05,2403.68,771.43
2022-09-06,2410.02,779.46
2022-09-07,2376.46,768.19
2022-09-08,2384.28,777.81
2022-09-13,2449.54,796.79
2022-09-14,2411.42,782.93
2022-09-15,2401.83,781.38
2022-09-16,2382.78,770.04
2022-09-19,2355.66,751.91
2022-09-20,2367.85,760.35
2022-09-21,2347.21,754.89
2022-09-22,2332.31,751.41
2022-09-23,2290.0,729.36
2022-09-26,2220.94,692.37
2022-09-27,2223.86,698.11
2022-09-28,2169.29,673.87
2022-09-29,2170.93,675.07
2022-09-30,2155.49,672.65
2022-10-04,2209.38,696.79
2022-10-05,2215.22,685.34
2022-10-06,2237.86,706.01
2022-10-07,2232.84,698.49
2022-10-11,2192.07,669.5
2022-10-12,2202.47,671.67
2022-10-13,2162.87,651.59
2022-10-14,2212.55,678.24
2022-10-17,2219.71,682.0
2022-10-18,2249.95,697.09
2022-10-19,2237.44,690.56
2022-10-20,2218.09,680.44
2022-10-21,2213.12,674.48
2022-10-24,2236.16,688.5
2022-10-25,2235.07,688.85
2022-10-26,2249.56,683.17
2022-10-27,2288.78,695.09
2022-10-28,2268.4,687.63
2022-10-31,2293.61,695.33
2022-11-01,2335.22,700.05
2022-11-02,2336.87,697.37
2022-11-03,2329.17,694.13
2022-11-04,2348.43,693.89
2022-11-07,2371.79,700.48
2022-11-08,2399.04,713.33
2022-11-09,2424.41,714.6
2022-11-10,2402.23,707.78
2022-11-11,2483.16,731.22
2022-11-14,2474.65,729.54
2022-11-15,2480.33,744.96
2022-11-16,2477.45,743.1
2022-11-17,2442.9,737.54
2022-11-18,2444.48,731.92
2022-11-21,2419.5,718.57
2022-11-22,2405.27,712.26
2022-11-23,2418.01,725.59
2022-11-24,2441.33,738.22
2022-11-25,2437.86,733.56
2022-11-28,2408.27,717.9
2022-11-29,2433.39,727.54
2022-11-30,2472.53,729.54
2022-12-01,2479.84,740.6
2022-12-02,2434.33,732.95
2022-12-05,2419.32,733.32
2022-12-06,2393.16,719.44
2022-12-07,2382.81,718.14
2022-12-08,2371.08,712.52
2022-12-09,2389.04,719.49
2022-12-12,2373.02,715.22
2022-12-13,2372.4,715.16
2022-12-14,2399.25,729.0
2022-12-15,2360.97,722.68
2022-12-16,2360.02,717.41
2022-12-19,2352.17,717.22
2022-12-20,2333.29,703.13
2022-12-21,2328.95,705.7
2022-12-22,2356.73,715.02
2022-12-23,2313.69,691.25
2022-12-26,2317.14,694.68
2022-12-27,2332.79,704.19
2022-12-28,2280.45,692.37
2022-12-29,2236.4,679.29
2023-01-02,2225.67,671.51
2023-01-03,2218.68,674.95
2023-01-04,2255.98,683.67
2023-01-05,2264.65,679.92
2023-01-06,2289.97,688.94
2023-01-09,2350.19,701.21
2023-01-10,2351.31,696.05
2023-01-11,2359.53,709.77
2023-01-12,2365.1,710.82
2023-01-13,2386.09,711.82
2023-01-16,2399.86,716.89
2023-01-17,2379.39,709.71
2023-01-18,2368.32,711.75
2023-01-19,2380.34,712.89
2023-01-20,2395.26,717.97
2023-01-11,2359.53,709.77
2023-01-12,2365.1,710.82
2023-01-13,2386.09,711.82
2023-01-16,2399.86,716.89
2023-01-17,2379.39,709.71
2023-01-18,2368.32,711.75
2023-01-19,2380.34,712.89
2023-01-20,2395.26,717.97
